id,name,slug,image_url,cover_url,color,score,user_id
548,Seals,seals,https://cdn.intra.42.fr/coalition/image/548/Seal__1_.svg,https://cdn.intra.42.fr/coalition/cover/548/gold_background.jpg,#fcd451,0,171774
546,Sharks,discovery-piscine-core-python-programming-adelaide-sharks,https://cdn.intra.42.fr/coalition/image/546/Shark__2_.svg,https://cdn.intra.42.fr/coalition/cover/546/purple_background.jpg,#bf19d7,0,171774
544,Penguins,discovery-piscine-core-python-programming-adelaide-penguins,https://cdn.intra.42.fr/coalition/image/544/Penguin__1_.svg,https://cdn.intra.42.fr/coalition/cover/544/orange_background.jpg,#e47e51,0,183969
543,Dolphins,discovery-piscine-core-python-programming-adelaide-dolphins,https://cdn.intra.42.fr/coalition/image/543/Dolphin__1_.svg,https://cdn.intra.42.fr/coalition/cover/543/cosmos_background.jpg,#00babc,0,183969
538,Not a teapot,not-a-teapot,https://cdn.intra.42.fr/coalition/image/538/teapot.svg,https://cdn.intra.42.fr/coalition/cover/538/Teapot_BG-ezgif.com-optijpeg.jpg,#17C3B2,0,170995
537,G.R.D.O.N,g-r-d-o-n,https://cdn.intra.42.fr/coalition/image/537/G.R.D.O.N_logo.svg,https://cdn.intra.42.fr/coalition/cover/537/background_G.R.D.O.N-01-01-01.jpg,#FFF8C2,0,134860
536,La famiglia octo,la-famiglia-octo,https://cdn.intra.42.fr/coalition/image/536/house8logo__1_.svg,https://cdn.intra.42.fr/coalition/cover/536/intragb-ezgif.com-optijpeg.jpg,#956e44,0,82107
535,The Seven,the-seven,https://cdn.intra.42.fr/coalition/image/535/Adobe-Express-file-_1_.svg,https://cdn.intra.42.fr/coalition/cover/535/background__2_.jpg,#800000,0,200669
534,Kernel Panic,kernel-panic,https://cdn.intra.42.fr/coalition/image/534/Adobe-Express-file_1.svg,https://cdn.intra.42.fr/coalition/cover/534/background__1_.jpg,#ffa101,0,106170
533,PI,pi,https://cdn.intra.42.fr/coalition/image/533/Logo__3_.svg,https://cdn.intra.42.fr/coalition/cover/533/background.jpg,#003F3A,0,200707
532,C.O.D.E.,code,https://cdn.intra.42.fr/coalition/image/532/Mediamodifier-Design__1_.svg,https://cdn.intra.42.fr/coalition/cover/532/2025-03-09_22.45.24__1_.jpg,#586C6C,0,97471
531,Highway to Segfault,highway-to-segfault,https://cdn.intra.42.fr/coalition/image/531/logo__1_.svg,https://cdn.intra.42.fr/coalition/cover/531/background-ezgif.com-crop__3_.jpg,#94afff,0,139048
530,Kreatsiv,kreatsiv,https://cdn.intra.42.fr/coalition/image/530/House_1_Logo.svg,https://cdn.intra.42.fr/coalition/cover/530/House_1_Background.png,#425233,0,134859
528,‎‏‏‎ ‎‏‏‎ ‎‏‏‎ ‎‏‏‎ ‎‏‏‎ ‎‏‏‎ ‎‏‏‎ ‎‏‏‎ ‎‏‏‎ ‎‏‏‎ ‎‏‏‎ ‎‏‏‎ ‎‏‏‎ ‎‏‏‎ ‎‏‏‎ ‎‏‏‎ ‎‏‏‎ ‎‏‏‎ ‎‏‏‎‎‏‏‎ ‎‏‏‎ ‎‏‏‎ ‎‏‏‎ ‎‏‏‎ ‎‏‏‎ ‎‏‏‎ ‎‏‏‎ ‎‏‏‎ ‎‏‏‎,42cursus-yerevan-1b4d2999-8f9d-42db-9998-46300024764c,https://cdn.intra.42.fr/coalition/image/528/42.svg,https://cdn.intra.42.fr/coalition/cover/528/image.png,757d8a,0,92584
527,Orionis,discovery-piscine-core-python-programming-warsaw-orionis,https://cdn.intra.42.fr/coalition/image/527/Logo_ORIONIS__1_.svg,https://cdn.intra.42.fr/coalition/cover/527/orionis_right_size__1_.jpg,#BE2AD1,0,172593
526,Uniterrax,discovery-piscine-core-python-programming-warsaw-uniterrax,https://cdn.intra.42.fr/coalition/image/526/Logo_UNITERRAX__1_.svg,https://cdn.intra.42.fr/coalition/cover/526/uniterrax_right_size2.jpg,#FFCD5A,0,172593
525,Lunaria,discovery-piscine-core-python-programming-warsaw-lunaria,https://cdn.intra.42.fr/coalition/image/525/Logo_LUNARIA__1_.svg,https://cdn.intra.42.fr/coalition/cover/525/lunaria_right_size.jpg,#52BDFF,0,172593
524,‎‏‏‎ ‎‏‏‎ ‎‏‏‎ ‎‏‏‎ ‎‏‏‎ ‎‏‏‎ ‎‏‏‎ ‎‏‏‎ ‎‏‏‎ ‎‏‏‎ ‎‏‏‎ ‎‏‏‎ ‎‏‏‎ ‎‏‏‎ ‎‏‏‎ ‎‏‏‎ ‎‏‏‎ ‎‏‏‎ ‎‏‏‎‎‏‏‎ ‎‏‏‎ ‎‏‏‎ ‎‏‏‎ ‎‏‏‎ ‎‏‏‎ ‎‏‏‎ ‎‏‏‎ ‎‏‏‎ ‎‏‏‎ ‎‏‏‎ ‎‏‏‎ ‎‏‏‎ ‎‏‏‎ ‎‏‏‎ ‎‏‏‎ ‎‏‏‎ ‎‏‏‎ ‎‏‏‎‎‏‏‎ ‎‏‏‎ ‎‏‏‎ ‎‏‏‎ ‎‏‏‎ ‎‏‏‎ ‎‏‏‎ ‎‏‏‎ ‎‏‏‎ ‎‏‏‎ ‎‏‏‎ ‎‏‏‎ ‎‏‏‎ ‎‏‏‎ ‎‏‏‎ ‎‏‏‎ ‎‏‏‎ ‎‏‏‎ ‎‏‏‎‎‏‏‎ ‎‏‏‎ ‎‏‏‎ ‎‏‏‎ ‎‏‏‎ ‎‏‏‎ ‎‏‏‎ ‎‏‏‎ ‎‏‏‎ ‎‏‏‎ ‎‏‏‎ ‎‏‏‎ ‎‏‏‎ ‎‏‏‎ ‎‏‏‎ ‎‏‏‎ ‎‏‏‎ ‎‏‏‎ ‎‏‏‎,42cursus-yerevan-0f321887-a7aa-4a7e-a43d-c67a5db863b1,https://cdn.intra.42.fr/coalition/image/524/42_logo-7dfc9110a5319a308863b96bda33cea995046d1731cebb735e41b16255106c12.svg,https://cdn.intra.42.fr/coalition/cover/524/gettyimages-1315388795-640x640.jpg,#224a7a,0,111962
520,Logic League,42cursus-lisboa-logic-league,https://cdn.intra.42.fr/coalition/image/520/Logic_League.svg,https://cdn.intra.42.fr/coalition/cover/520/logic_league__1_.png,#a7a22d,216468,198136
519,Logic League,logic-league,https://cdn.intra.42.fr/coalition/image/519/Logic_League.svg,https://cdn.intra.42.fr/coalition/cover/519/logic_league__1_.png,#a7a22d,188099,184525
518,Hacktivists,42cursus-lisboa-hacktivists,https://cdn.intra.42.fr/coalition/image/518/Hacktivists-.svg,https://cdn.intra.42.fr/coalition/cover/518/Hacktivists__1_.png,#7a746c,263066,204629
517,Hacktivists,hacktivists,https://cdn.intra.42.fr/coalition/image/517/Hacktivists-.svg,https://cdn.intra.42.fr/coalition/cover/517/Hacktivists__1_.png,#7a746c,258593,113352
516,Code Alliance,42cursus-porto-code-alliance,https://cdn.intra.42.fr/coalition/image/516/Code_Alliance.svg,https://cdn.intra.42.fr/coalition/cover/516/code_alliance__1_.png,#148c70,182230,90490
515,Code Alliance,code-alliance,https://cdn.intra.42.fr/coalition/image/515/Code_Alliance.svg,https://cdn.intra.42.fr/coalition/cover/515/code_alliance__1_.png,#148c70,223065,151920
514,Bug Busters,42cursus-porto-bug-busters,https://cdn.intra.42.fr/coalition/image/514/Bug_Busters.svg,https://cdn.intra.42.fr/coalition/cover/514/Novo_Projeto__1_.png,#a9181c,213759,173278
513,Bug Busters,42cursus-lisboa-bug-busters,https://cdn.intra.42.fr/coalition/image/513/Bug_Busters.svg,https://cdn.intra.42.fr/coalition/cover/513/Novo_Projeto__1_.png,#a9181c,241939,142177
512,STAFF,staff,https://cdn.intra.42.fr/coalition/image/512/federation.svg,,FFFFFF,0,151467
511,The Alliance,42senior-paris-the-alliance,https://cdn.intra.42.fr/coalition/image/511/alliance.svg,https://cdn.intra.42.fr/coalition/cover/511/alliance_background.jpg,#33C47F,713,89556
510,The Order,42senior-paris-the-order,https://cdn.intra.42.fr/coalition/image/510/order.svg,https://cdn.intra.42.fr/coalition/cover/510/order_background.jpg,#FF6950,290,171480
509,The Assembly,42senior-paris-the-assembly,https://cdn.intra.42.fr/coalition/image/509/assembly.svg,https://cdn.intra.42.fr/coalition/cover/509/assembly_background.jpg,#A061D1,2361,99888
508,The Federation,42senior-paris-the-federation,https://cdn.intra.42.fr/coalition/image/508/federation.svg,https://cdn.intra.42.fr/coalition/cover/508/federation_background.jpg,#4180DB,632,155558
507,Pandora,42cursus-rabat-pandora,https://cdn.intra.42.fr/coalition/image/507/Pandora.svg,https://cdn.intra.42.fr/coalition/cover/507/Pandora.png,#b61282,124833,134646
506,Freax,42cursus-rabat-freax,https://cdn.intra.42.fr/coalition/image/506/Frame.svg,https://cdn.intra.42.fr/coalition/cover/506/Freax.png,#f5bc39,125485,192558
505,Commodor,commodor,https://cdn.intra.42.fr/coalition/image/505/Commodor.svg,https://cdn.intra.42.fr/coalition/cover/505/Commodor.png,#006B00,124954,195561
504,BIOS,42cursus-rabat-bios,https://cdn.intra.42.fr/coalition/image/504/LBIOS.svg,https://cdn.intra.42.fr/coalition/cover/504/Frame_5.png,#45B8AC,116801,195504
499,Légionnaires de Rome,legionnaires-de-rome,https://cdn.intra.42.fr/coalition/image/499/shield-vecto-svg.svg,,#FF4543,12625,162734
498,Hoplites d'Athènes,hoplites-d-athenes,https://cdn.intra.42.fr/coalition/image/498/helmet-vecto-svg__5_.svg,,#00BABC,14703,104287
497,Code Crusaders,code-crusaders,https://cdn.intra.42.fr/coalition/image/497/76534170-la-nave-espacial-comienza-el-diseño-gráfico-del-ejemplo-del-vector-del-icono-del-símbolo.svg,,#FA8072,13760,101117
496,Innovate Geniuses,innovate-geniuses,https://cdn.intra.42.fr/coalition/image/496/76534170-la-nave-espacial-comienza-el-diseño-gráfico-del-ejemplo-del-vector-del-icono-del-símbolo.svg,,#32CD32,21364,101117
495,Tech Explorers,tech-explorers,https://cdn.intra.42.fr/coalition/image/495/76534170-la-nave-espacial-comienza-el-diseño-gráfico-del-ejemplo-del-vector-del-icono-del-símbolo.svg,,#D3D3D3,14094,101117
494,Data Disruptors,data-disruptors,https://cdn.intra.42.fr/coalition/image/494/76534170-la-nave-espacial-comienza-el-diseño-gráfico-del-ejemplo-del-vector-del-icono-del-símbolo.svg,,#EE82EE,21070,101117
493,Cyber Knights,cyber-knights,https://cdn.intra.42.fr/coalition/image/493/76534170-la-nave-espacial-comienza-el-diseño-gráfico-del-ejemplo-del-vector-del-icono-del-símbolo.svg,,#D2B48C,11288,101117
492,Future Builders,future-builders,https://cdn.intra.42.fr/coalition/image/492/76534170-la-nave-espacial-comienza-el-diseño-gráfico-del-ejemplo-del-vector-del-icono-del-símbolo.svg,,#1E90FF,26178,101117
491,Tech Warriors,tech-warriors,https://cdn.intra.42.fr/coalition/image/491/76534170-la-nave-espacial-comienza-el-diseño-gráfico-del-ejemplo-del-vector-del-icono-del-símbolo.svg,,#900F4C,8688,101117
490,Algorithm Avengers,algorithm-avengers,https://cdn.intra.42.fr/coalition/image/490/76534170-la-nave-espacial-comienza-el-diseño-gráfico-del-ejemplo-del-vector-del-icono-del-símbolo.svg,,#FF1493,19668,101117
489,Byte Masters,byte-masters,https://cdn.intra.42.fr/coalition/image/489/76534170-la-nave-espacial-comienza-el-diseño-gráfico-del-ejemplo-del-vector-del-icono-del-símbolo.svg,,#96EC09,7500,101117
488,Pixel Innovators,pixel-innovators,https://cdn.intra.42.fr/coalition/image/488/76534170-la-nave-espacial-comienza-el-diseño-gráfico-del-ejemplo-del-vector-del-icono-del-símbolo.svg,,#C71585,15182,101117
487,Quantum Hackers,quantum-hackers,https://cdn.intra.42.fr/coalition/image/487/76534170-la-nave-espacial-comienza-el-diseño-gráfico-del-ejemplo-del-vector-del-icono-del-símbolo.svg,,#F7DC6F,13508,101117
486,Cyber Guardians,cyber-guardians,https://cdn.intra.42.fr/coalition/image/486/76534170-la-nave-espacial-comienza-el-diseño-gráfico-del-ejemplo-del-vector-del-icono-del-símbolo.svg,,#B03A2E,9784,101117
485,AI Pioneers,ai-pioneers,https://cdn.intra.42.fr/coalition/image/485/76534170-la-nave-espacial-comienza-el-diseño-gráfico-del-ejemplo-del-vector-del-icono-del-símbolo.svg,,#117864,18568,101117
484,Data Wizards,data-wizards,https://cdn.intra.42.fr/coalition/image/484/76534170-la-nave-espacial-comienza-el-diseño-gráfico-del-ejemplo-del-vector-del-icono-del-símbolo.svg,,#5B2C6F,21972,101117
483,Code Titans,code-titans,https://cdn.intra.42.fr/coalition/image/483/76534170-la-nave-espacial-comienza-el-diseño-gráfico-del-ejemplo-del-vector-del-icono-del-símbolo.svg,,#3498DB,15862,101117
482,Fénix Dourada,fenix-dourada,https://cdn.intra.42.fr/coalition/image/482/LOGO_FENIX_Aƒ.svg,https://cdn.intra.42.fr/coalition/cover/482/Fénix_Dou.jpg,	#ff7400,117344,186822
481,AEGIS,aegis,https://cdn.intra.42.fr/coalition/image/481/LOGO_AEGIS_Aƒ.svg,https://cdn.intra.42.fr/coalition/cover/481/BG_AEGIS.jpg,	#00c2c7,121457,154076
480,Solaris,solaris,https://cdn.intra.42.fr/coalition/image/480/LOGO_SOLARIS_Aƒ.svg,https://cdn.intra.42.fr/coalition/cover/480/1.jpg,#ffc425,115243,154078
479,R2-D2,r2-d2,https://cdn.intra.42.fr/coalition/image/479/R2D2.svg,https://cdn.intra.42.fr/coalition/cover/479/R2D2_BACKGROUND_1.png,#ff0a47,3732,177177
478,TARS,42cursus-beirut-tars,https://cdn.intra.42.fr/coalition/image/478/TARS.svg,https://cdn.intra.42.fr/coalition/cover/478/TARS_BACKGROUND.png,#12ff83,4340,177177
476,C-3PO,42cursus-beirut-test,https://cdn.intra.42.fr/coalition/image/476/C3PO.svg,https://cdn.intra.42.fr/coalition/cover/476/c3po_test_1.png,#7073ff,2332,177177
471,Atreides,atrreides,https://cdn.intra.42.fr/coalition/image/471/atrreides.svg,https://cdn.intra.42.fr/coalition/cover/471/Atrreides.jpg, #1ba211,181213,170425
470,Akatsuki,akatsuki,https://cdn.intra.42.fr/coalition/image/470/Akatsuki-Logo.svg,,#aa130f,0,137442
469,Shinobi,shinobi,https://cdn.intra.42.fr/coalition/image/469/Allied_Shinobi_Forces_Symbol.svg,,#787b7d,0,137442
468,Corrino,corrino,https://cdn.intra.42.fr/coalition/image/468/corrino.svg,https://cdn.intra.42.fr/coalition/cover/468/Corrino.jpg,#ffae13,194050,111359
467,Harkonnen,42cursus-luxembourg-harkonnen,https://cdn.intra.42.fr/coalition/image/467/harkonnen.svg,https://cdn.intra.42.fr/coalition/cover/467/Harkonnen.jpg,#6f50fb,197925,114942
465,AMPANJAKA,e,https://cdn.intra.42.fr/coalition/image/465/infinite-spinner.svg,https://cdn.intra.42.fr/coalition/cover/465/dark_background.jpg,#000000,63420,167548
464,PILY,d,https://cdn.intra.42.fr/coalition/image/464/Pily_1.svg,https://cdn.intra.42.fr/coalition/cover/464/dark_background.jpg,#ce4458,104467,173700
463,DARAFIFY,c,https://cdn.intra.42.fr/coalition/image/463/Darafify_1.svg,https://cdn.intra.42.fr/coalition/cover/463/dark_background.jpg,#efbf4d,123502,168301
462,SONGOMBY,b,https://cdn.intra.42.fr/coalition/image/462/Songomby_1.svg,https://cdn.intra.42.fr/coalition/cover/462/dark_background.jpg,#4157a2,128809,193891
461,BOBEL,42cursus-antananarivo-a,https://cdn.intra.42.fr/coalition/image/461/Bobel_1.svg,https://cdn.intra.42.fr/coalition/cover/461/dark_background.jpg,#74bb83,90632,157396
460,Uniterrax,uniterrax,https://cdn.intra.42.fr/coalition/image/460/Logo_UNITERRAX.svg,https://cdn.intra.42.fr/coalition/cover/460/uniterrax_right_size3.jpg,#FFCD5A,16009,172593
459,Lunaria,lunaria,https://cdn.intra.42.fr/coalition/image/459/Logo_LUNARIA.svg,https://cdn.intra.42.fr/coalition/cover/459/lunaria_right_size.jpg,#52BDFF,18531,195564
458,Orionis,orionis,https://cdn.intra.42.fr/coalition/image/458/Logo_ORIONIS.svg,https://cdn.intra.42.fr/coalition/cover/458/orionis_right_size.jpg,#BE2AD1,11436,170715
457,Gyeoul,gyeoul,https://cdn.intra.42.fr/coalition/image/457/gyeoul_snowflake.svg,https://cdn.intra.42.fr/coalition/cover/457/gyeoul_background.jpg,#d7dcfc,21947,171427
456,Gaeul,gaeul,https://cdn.intra.42.fr/coalition/image/456/gaeul_maple.svg,https://cdn.intra.42.fr/coalition/cover/456/gaeul_background.jpg,#fe8d20,17483,171430
455,Yeoreum,yeo-reum,https://cdn.intra.42.fr/coalition/image/455/yeoreum_sun.svg,https://cdn.intra.42.fr/coalition/cover/455/yeoreum_background.jpg,#006d89,23082,198263
454,Bom,bom,https://cdn.intra.42.fr/coalition/image/454/bom_clover.svg,https://cdn.intra.42.fr/coalition/cover/454/bom_background_.jpg,#add082,22370,171431
452,Ubuntu Mavericks,tars,https://cdn.intra.42.fr/coalition/image/452/UBUNTU.svg,https://cdn.intra.42.fr/coalition/cover/452/Ubuntu_1_SMALL.png,#ffa367,0,177177
450,Wolf,wolf,https://cdn.intra.42.fr/coalition/image/450/42AD_Houses_WOLF_Logo_w_slogan_Transparent.svg,https://cdn.intra.42.fr/coalition/cover/450/Artboard_28-100_Large.jpg,#6419F5,126383,103490
449,Leopard,leopard,https://cdn.intra.42.fr/coalition/image/449/Asset_1.svg,https://cdn.intra.42.fr/coalition/cover/449/Artboard_27-100_Large.jpg,#00ebff,188365,82525
448,Oryx,oryx,https://cdn.intra.42.fr/coalition/image/448/42AD_Houses_ORYX_Logo_w_slogan_Transparent.svg,https://cdn.intra.42.fr/coalition/cover/448/Interanet-ppt-bg-01s__1_.jpg,#323232,153516,131004
447,Falcon,falcon,https://cdn.intra.42.fr/coalition/image/447/42AD_Houses_FALCON_Logo_w_slogan_Transparent.svg,https://cdn.intra.42.fr/coalition/cover/447/Interanet-ppt-bg-03s.jpg,#FF463C,200283,135817
446,Arch Reapers,testcoalition,https://cdn.intra.42.fr/coalition/image/446/ARCHLINUX.svg,https://cdn.intra.42.fr/coalition/cover/446/Archlinux_1_SMALL.png,#1cb3ff,0,206409
441,‎‏‏‎ ‎‏‏‎ ‎‏‏‎ ‎‏‏‎ ‎‏‏‎ ‎‏‏‎ ‎‏‏‎ ‎‏‏‎ ‎‏‏‎ ‎‏‏‎ ‎‏‏‎ ‎‏‏‎ ‎‏‏‎ ‎‏‏‎ ‎‏‏‎ ‎‏‏‎ ‎‏‏‎ ‎‏‏‎ ‎‏‏‎,42cursus-yerevan,https://cdn.intra.42.fr/coalition/image/441/42.svg,https://cdn.intra.42.fr/coalition/cover/441/maxresdefault.jpeg,#367df0,0,128638
431,hunter,hunter,https://cdn.intra.42.fr/coalition/image/431/hunter.svg,https://cdn.intra.42.fr/coalition/cover/431/hunter_background.png,#006747,0,80355
430,sorcerer,sorcerer,https://cdn.intra.42.fr/coalition/image/430/socerer.svg,,#4ABFE3,0,80355
424,Stack,c-piscine-antananarivo-stack,https://cdn.intra.42.fr/coalition/image/424/federation.svg,https://cdn.intra.42.fr/coalition/cover/424/order_background.jpg,#FF6950,95106,168301
423,Heap,c-piscine-antananarivo-heap,https://cdn.intra.42.fr/coalition/image/423/order.svg,https://cdn.intra.42.fr/coalition/cover/423/federation_background.jpg,#4280DB,95577,167548
422,Tinkerers,42cursus-london-tinkerers,https://cdn.intra.42.fr/coalition/image/422/gear.svg,https://cdn.intra.42.fr/coalition/cover/422/steampunk_cover.jpg,#FFBF58,64192,167390
421,Netrunners,42cursus-london-netrunners,https://cdn.intra.42.fr/coalition/image/421/chip.svg,https://cdn.intra.42.fr/coalition/cover/421/cyberpunk_cover.jpeg,#EB6AB5,42679,167322
420,Raytracers,42cursus-london-raytracers,https://cdn.intra.42.fr/coalition/image/420/raytracers.svg,https://cdn.intra.42.fr/coalition/cover/420/raytracers_cover.jpg,#49E777,84568,146228
405,Asgard,asgard,https://cdn.intra.42.fr/coalition/image/405/ASGARD_Coalition_Logo_42Singapore.svg,https://cdn.intra.42.fr/coalition/cover/405/asgard.jpg,#f2c032,2218,203151
404,Coruscant,coruscant,https://cdn.intra.42.fr/coalition/image/404/CORUSCANT_Coalition_Logo_42Singapore.svg,https://cdn.intra.42.fr/coalition/cover/404/coruscant.jpg,#1346A5,32461,153388
403,Arrakis,arrakis,https://cdn.intra.42.fr/coalition/image/403/ARRAKIS_Coalition_Logo_42Singapore__1_.svg,https://cdn.intra.42.fr/coalition/cover/403/arrakis.jpg,#f12c19,27455,210065
401,Zefiria,zefiria,https://cdn.intra.42.fr/coalition/image/401/42madrid_coaliciones_logos-08.svg,https://cdn.intra.42.fr/coalition/cover/401/01.jpg,#E39F0B,426723,207787
400,Marventis,marventis,https://cdn.intra.42.fr/coalition/image/400/42madrid_coaliciones_marventis.svg,https://cdn.intra.42.fr/coalition/cover/400/03.jpg,#1B5971,341766,108700
399,Tiamant,tiamant,https://cdn.intra.42.fr/coalition/image/399/42madrid_coaliciones_logos-07.svg,https://cdn.intra.42.fr/coalition/cover/399/02.jpg,#9FC131,410054,193601
398,Ignisaria,ignisaria,https://cdn.intra.42.fr/coalition/image/398/42madrid_coaliciones_ignisaria.svg,https://cdn.intra.42.fr/coalition/cover/398/04.jpg,#C2301D,427220,99575
397,Les Poissons blob,les-poissons-blob,https://cdn.intra.42.fr/coalition/image/397/blobfishes.svg,https://cdn.intra.42.fr/coalition/cover/397/blobfishes-background.jpeg,#82cce0,3359,113569
396,Les Mouffettes,les-mouffettes,https://cdn.intra.42.fr/coalition/image/396/skunks.svg,https://cdn.intra.42.fr/coalition/cover/396/skunk_background.jpeg,#6c8946,4257,55127
387,Nostromo,42-zip-urduliz-nostromo,https://cdn.intra.42.fr/coalition/image/387/nostromo_final.svg,https://cdn.intra.42.fr/coalition/cover/387/nostromo_wallpaper.jpeg,#9E28E2,5826,147859
386,Magrathea,42-zip-urduliz-magrathea,https://cdn.intra.42.fr/coalition/image/386/magrathea_final.svg,https://cdn.intra.42.fr/coalition/cover/386/magrathea_wallpaper.jpg,#E3AA40,20189,88012
385,Nautilus,42-zip-urduliz-nautilus,https://cdn.intra.42.fr/coalition/image/385/nautilus_final.svg,https://cdn.intra.42.fr/coalition/cover/385/nautilus_wallpaper.jpg,#41CACC,8816,87098
384,Arctos,arctos,https://cdn.intra.42.fr/coalition/image/384/arctos__6_.svg,https://cdn.intra.42.fr/coalition/cover/384/Banner-arctos-2.jpg,#4F9DB2,330391,113940
383,Melursus,melursus,https://cdn.intra.42.fr/coalition/image/383/Melursus-icon1-01.svg,https://cdn.intra.42.fr/coalition/cover/383/Banner-Melursos-dark-4.jpg,#F49490,251396,176923
382,Fulgens,fulgens,https://cdn.intra.42.fr/coalition/image/382/flugens-icon1.svg,https://cdn.intra.42.fr/coalition/cover/382/Banner_Fulgens__1_.png,#67B855,385283,183936
381,Moomins,moomins,https://cdn.intra.42.fr/coalition/image/381/moomin.svg,https://cdn.intra.42.fr/coalition/cover/381/Screenshot_2023-07-29_at_01.38.46.png,#C3E9E0,24441,150725
380,Shadoks,the-shadoks,https://cdn.intra.42.fr/coalition/image/380/shadok.svg,https://cdn.intra.42.fr/coalition/cover/380/Screenshot_2023-07-29_at_01.42.26.png,#EB943C,24630,149251
378,Snorks,snorks,https://cdn.intra.42.fr/coalition/image/378/snorky.svg,https://cdn.intra.42.fr/coalition/cover/378/Screenshot_2023-07-29_at_01.47.07.png,#975183,20494,201950
377,La Stack,c-piscine-perpignan-la-stack,https://cdn.intra.42.fr/coalition/image/377/stack.svg,https://cdn.intra.42.fr/coalition/cover/377/stack_background_2.jpg,#ffeb5f,153451,133320
376,La Heap,c-piscine-perpignan-la-heap,https://cdn.intra.42.fr/coalition/image/376/Heap.svg,https://cdn.intra.42.fr/coalition/cover/376/Heap_background_3_low.jpg,#ffc5a2,153192,133320
375,Tintin,tintin,https://cdn.intra.42.fr/coalition/image/375/TINTIN_LOGO.svg,https://cdn.intra.42.fr/coalition/cover/375/cover_tintin.jpg,#C3A0FC,420,96506
374,Astérix,asterix,https://cdn.intra.42.fr/coalition/image/374/ASTERIX_LOGO.svg,https://cdn.intra.42.fr/coalition/cover/374/cover_asterix.jpg,#C68D1C,0,96506
366,Hufflepuff,42cursus-istanbul-hufflepuff,https://cdn.intra.42.fr/coalition/image/366/Hufflepuff.svg,https://cdn.intra.42.fr/coalition/cover/366/Hufflepuff.png,#ffaa00,4791,197327
365,Slytherin,42cursus-istanbul-slytherin,https://cdn.intra.42.fr/coalition/image/365/Slytherin.svg,https://cdn.intra.42.fr/coalition/cover/365/Slytherin.png,#00cc00,3999,145507
364,Ravenclaw,42cursus-istanbul-ravenclaw,https://cdn.intra.42.fr/coalition/image/364/Ravenclaw.svg,https://cdn.intra.42.fr/coalition/cover/364/Ravenclaw.png,#0080cc,3888,185810
363,Gryffindor,42cursus-istanbul-gryffindor,https://cdn.intra.42.fr/coalition/image/363/Gryffindor.svg,https://cdn.intra.42.fr/coalition/cover/363/Gryffindor.png,#ff0000,3609,187246
362,Aerys,aerys,https://cdn.intra.42.fr/coalition/image/362/Aerys.svg,https://cdn.intra.42.fr/coalition/cover/362/aerys.jpg,#aaaaaa,5203,146662
361,Terranos,terranos,https://cdn.intra.42.fr/coalition/image/361/Terranos.svg,https://cdn.intra.42.fr/coalition/cover/361/terranos_HD__5_.jpeg,#00cc00,3336,146662
360,Ignatus,ignatus,https://cdn.intra.42.fr/coalition/image/360/Ignatus.svg,https://cdn.intra.42.fr/coalition/cover/360/ignatus.jpg,#ff0000,2591,146662
359,Aqualis,aqualis,https://cdn.intra.42.fr/coalition/image/359/aqualis.svg,https://cdn.intra.42.fr/coalition/cover/359/Aqualis.png,#00eeee,2988,146662
355,Slow Loris,slow-loris,https://cdn.intra.42.fr/coalition/image/355/GeoThick-SlowLoris.svg,https://cdn.intra.42.fr/coalition/cover/355/SL_Banner_dark.png,#af8dff,123521,170426
354,Fennec Fox,fennec-fox,https://cdn.intra.42.fr/coalition/image/354/GeoThick-FennecFox.svg,https://cdn.intra.42.fr/coalition/cover/354/FF_Banner_light_darker-14.png,#ff8b02,118821,141108
353,Quokka,quokka,https://cdn.intra.42.fr/coalition/image/353/GeoThick-Quokka.svg,https://cdn.intra.42.fr/coalition/cover/353/Q_Banner_dark.png,#00CEB1,145545,110997
345,Curupira,curupira,https://cdn.intra.42.fr/coalition/image/345/Coalitions_-_Curupira.svg,https://cdn.intra.42.fr/coalition/cover/345/Cover-Curupira.png,#f4c92f,0,103318
344,Mula,mula,https://cdn.intra.42.fr/coalition/image/344/Coalitions_-_Mula.svg,https://cdn.intra.42.fr/coalition/cover/344/Cover-Mula.png,#15afa7,0,103318
343,Cuca,cuca,https://cdn.intra.42.fr/coalition/image/343/Coalitions_-_Cuca.svg,https://cdn.intra.42.fr/coalition/cover/343/Cover-Cuca.png,#161616,0,103318
342,Saci,saci,https://cdn.intra.42.fr/coalition/image/342/Coalitions_-_Saci.svg,https://cdn.intra.42.fr/coalition/cover/342/Cover-Saci.png,#dbdbdb,0,103318
335,Analysts,analysts,https://cdn.intra.42.fr/coalition/image/335/analysts.svg,https://cdn.intra.42.fr/coalition/cover/335/background_login-a4e0666f73c02f025f590b474b394fd86e1cae20e95261a6e4862c2d0faa1b04.jpg,#20A39E,374053,95895
334,Technicians,technicians,https://cdn.intra.42.fr/coalition/image/334/technicians.svg,https://cdn.intra.42.fr/coalition/cover/334/background_login-a4e0666f73c02f025f590b474b394fd86e1cae20e95261a6e4862c2d0faa1b04.jpg,#FFA91F,277964,208584
333,Artisans,artisans,https://cdn.intra.42.fr/coalition/image/333/artisans.svg,https://cdn.intra.42.fr/coalition/cover/333/background_login-a4e0666f73c02f025f590b474b394fd86e1cae20e95261a6e4862c2d0faa1b04.jpg,#EF5B5B,306994,89553
332,Odin,odin,https://cdn.intra.42.fr/coalition/image/332/Fichier_6odin.svg,https://cdn.intra.42.fr/coalition/cover/332/bannière_odin_Plan_de_travail_1-03.png,#B5163F,103770,138096
331,Thor,thor,https://cdn.intra.42.fr/coalition/image/331/Fichier_5thor.svg,https://cdn.intra.42.fr/coalition/cover/331/bannière_thor_Plan_de_travail_1-01.png,#3A6187,86074,137661
330,Loki,loki,https://cdn.intra.42.fr/coalition/image/330/Fichier_8loki.svg,https://cdn.intra.42.fr/coalition/cover/330/Bannière_loki_Plan_de_travail_1-04.png,#054F4D,74835,137442
329,Freya,freya,https://cdn.intra.42.fr/coalition/image/329/Fichier_7freya.svg,https://cdn.intra.42.fr/coalition/cover/329/bannière_freya_Plan_de_travail_1-02.png,#FFD84B,73898,149190
324,Sharks,sharks,https://cdn.intra.42.fr/coalition/image/324/Shark.svg,https://cdn.intra.42.fr/coalition/cover/324/purple_background.jpg,#bf19d7,0,93623
323,Dolphins,dolphins,https://cdn.intra.42.fr/coalition/image/323/Dolphin_grey.svg,https://cdn.intra.42.fr/coalition/cover/323/cosmos_background.jpg,#00babc,42,102056
322,Penguins,penguins,https://cdn.intra.42.fr/coalition/image/322/Penguin.svg,https://cdn.intra.42.fr/coalition/cover/322/orange_background.jpg,#e47e51,2,171774
319,Le royaume de la terre,le-royaume-de-la-terre,https://cdn.intra.42.fr/coalition/image/319/terre_svg.svg,https://cdn.intra.42.fr/coalition/cover/319/Screenshot_2023-02-06_at_16.04.53-min.png,#49e355,223605,115920
318,la tribu de l'eau,la-tribu-de-l-eau,https://cdn.intra.42.fr/coalition/image/318/eau_svg.svg,https://cdn.intra.42.fr/coalition/cover/318/Screenshot_2023-02-06_at_16.04.39-min.png,#00c3ff,162026,178737
317,Les nomades de l'air,les-nomades-de-l-air,https://cdn.intra.42.fr/coalition/image/317/vent_svg.svg,https://cdn.intra.42.fr/coalition/cover/317/Screenshot_2023-02-06_at_16.04.22-min.png,#b60af0,144303,111564
316,La légion du feu,la-legion-du-feu,https://cdn.intra.42.fr/coalition/image/316/fire_svg.svg,https://cdn.intra.42.fr/coalition/cover/316/Screenshot_2023-02-06_at_16.05.09-min.png,#f00020,142536,133320
314,Tatooine,tatooine,https://cdn.intra.42.fr/coalition/image/314/Icons_for_coalitions_2.svg,https://cdn.intra.42.fr/coalition/cover/314/Bg_Tatooine2.jpg,#e08f4c,119035,167897
313,Mandalore,mandalore,https://cdn.intra.42.fr/coalition/image/313/Icons_for_coalitions_1__1_-svg__1_.svg,https://cdn.intra.42.fr/coalition/cover/313/Bg_Mandalore.jpeg,#9c0505,132546,131005
310,Wind Blue,wind-blue,https://cdn.intra.42.fr/coalition/image/310/icon_wind.svg,https://cdn.intra.42.fr/coalition/cover/310/bg_blue_wind.jpg,#2ca8de,188407,146829
309,Forest Green,forest-green,https://cdn.intra.42.fr/coalition/image/309/icon_forest.svg,https://cdn.intra.42.fr/coalition/cover/309/bg_forest_green.jpg,#34b34a,187800,68139
308,Fire red,fire-red,https://cdn.intra.42.fr/coalition/image/308/icon_fire.svg,https://cdn.intra.42.fr/coalition/cover/308/bg_fire_red.jpg,#d56a36,178896,59728
307,Mountain Yellow,mountain-yellow,https://cdn.intra.42.fr/coalition/image/307/icon_mountain.svg,https://cdn.intra.42.fr/coalition/cover/307/bg_mountain_yellow.jpg,#e3ad03,228564,77850
305,Water,42cursus-lyon-water,https://cdn.intra.42.fr/coalition/image/305/EAU_v3.svg,https://cdn.intra.42.fr/coalition/cover/305/téléchargement__2_.png,#326C9C,58501,155507
304,Fire,42cursus-lyon-fire,https://cdn.intra.42.fr/coalition/image/304/FEU_v3.svg,https://cdn.intra.42.fr/coalition/cover/304/image.jpg,#FFA142,67981,85364
303,Earth,earth,https://cdn.intra.42.fr/coalition/image/303/TERRE_v3.svg,https://cdn.intra.42.fr/coalition/cover/303/earth__1_.jpg,#07CD00,76002,198997
302,Air,air,https://cdn.intra.42.fr/coalition/image/302/AIR_v3.svg,https://cdn.intra.42.fr/coalition/cover/302/air__1_.jpg,#93979B,62531,108244
287,Alderaan,alderaan,https://cdn.intra.42.fr/coalition/image/287/Alderaan_logo.svg,https://cdn.intra.42.fr/coalition/cover/287/Alderaan_Bg.jpg,#ad8f65,2673,131005
286,Naboo,naboo,https://cdn.intra.42.fr/coalition/image/286/naboo.svg,,#678DA4,4241,167897
285,Harkonnen,gnocchi,https://cdn.intra.42.fr/coalition/image/285/federation.svg,https://cdn.intra.42.fr/coalition/cover/285/federation_background.jpg,#527F65,154252,111444
284,Astral Dragons,spaghetti,https://cdn.intra.42.fr/coalition/image/284/federation.svg,https://cdn.intra.42.fr/coalition/cover/284/federation_background.jpg,#CE2828,192256,177846
283,Sons of Norminette,rigatoni,https://cdn.intra.42.fr/coalition/image/283/federation.svg,https://cdn.intra.42.fr/coalition/cover/283/federation_background.jpg,#f9b233,163366,182240
282,Freax,freax,https://cdn.intra.42.fr/coalition/image/282/Freax_Artboard_4.svg,https://cdn.intra.42.fr/coalition/cover/282/Freax_BG.jpg,#f5bc39,630444,104237
281,Commodore,band-of-the-falcon,https://cdn.intra.42.fr/coalition/image/281/Commodore_Artboard_3-svg__4_.svg,https://cdn.intra.42.fr/coalition/cover/281/Commodore_BG.jpg,#006B00,710066,187840
279,Pandora,pandora,https://cdn.intra.42.fr/coalition/image/279/Pandora-01.svg,https://cdn.intra.42.fr/coalition/cover/279/Pandora_BG.jpg,#b61282,783333,113480
277,Bios,bios,https://cdn.intra.42.fr/coalition/image/277/Bios-02-svg__2_.svg,https://cdn.intra.42.fr/coalition/cover/277/BiosBG.jpg,#02cdd1,682196,134647
276,Olympus,Olympus,https://cdn.intra.42.fr/coalition/image/276/Icono_Olympus_2__2_.svg,https://cdn.intra.42.fr/coalition/cover/276/Banners_4500x400-V2_Banner_Olympus__3_.png,#000000,823017,212150
275,Void,Void,https://cdn.intra.42.fr/coalition/image/275/Icono_Void_2__3_.svg,https://cdn.intra.42.fr/coalition/cover/275/Banners_4500x400-V2_Banner_Void__3_.png,#000000,828488,207120
274,Hades,Hades,https://cdn.intra.42.fr/coalition/image/274/Icono_Hades_2__3_.svg,https://cdn.intra.42.fr/coalition/cover/274/Banners_4500x400-V2_Banner_Hades__1_.png,#000000,847173,188363
273,The Guards,42cursus-helsinki-the-guards,https://cdn.intra.42.fr/coalition/image/273/guards.svg,https://cdn.intra.42.fr/coalition/cover/273/lowpoly_white_lila.png,#C574A8,211887,167246
272,The Foragers,42cursus-helsinki-the-foragers,https://cdn.intra.42.fr/coalition/image/272/foragers.svg,,#7FBE80,181215,215096
271,The Builders,42cursus-helsinki-the-builders,https://cdn.intra.42.fr/coalition/image/271/builders.svg,https://cdn.intra.42.fr/coalition/cover/271/lowpoly_white_orange.png,#EE7800,217706,111464
270,Axolotls,axolotls,https://cdn.intra.42.fr/coalition/image/270/axolotl.svg,https://cdn.intra.42.fr/coalition/cover/270/axolotl.png,#f17a86,4687,177440
269,Otters,otters,https://cdn.intra.42.fr/coalition/image/269/otter.svg,https://cdn.intra.42.fr/coalition/cover/269/otter__1_.png,#a48c77,7397,212170
255,Totoro,totoro,https://cdn.intra.42.fr/coalition/image/255/totoro2.svg,https://cdn.intra.42.fr/coalition/cover/255/totoro_background.jpg,#00A881,84930,132037
253,Dodoco,42cursus-vienna-dodoco,https://cdn.intra.42.fr/coalition/image/253/dodoco.svg,https://cdn.intra.42.fr/coalition/cover/253/dodoco_banner_11zon.jpg,#ed123a,89492,149128
252,Chocobo,42cursus-vienna-chocobo,https://cdn.intra.42.fr/coalition/image/252/chocobo.svg,https://cdn.intra.42.fr/coalition/cover/252/chocobo_banner.jpg,#FCA505,93956,187476
251,Dodoco,dodoco,https://cdn.intra.42.fr/coalition/image/251/dodoco.svg,https://cdn.intra.42.fr/coalition/cover/251/dodoco_banner_11zon.jpg,#ed123a,0,149128
250,Chocobo,chocobo,https://cdn.intra.42.fr/coalition/image/250/chocobo.svg,https://cdn.intra.42.fr/coalition/cover/250/C_chocobo_banner.jpeg,#FCA505,0,187476
249,L'Armada,Armada,https://cdn.intra.42.fr/coalition/image/249/42Q_035_22_Logo_Armada.svg,https://cdn.intra.42.fr/coalition/cover/249/42Q_035_22_BG_Coalitions_Armada_3000x2000.jpg,#0B7807,16617,55127
248,Slytherin,c-piscine-kocaeli-slytherin,https://cdn.intra.42.fr/coalition/image/248/Logo_Slytherin.svg,https://cdn.intra.42.fr/coalition/cover/248/triangles-download__1_.png,#00cc00,1912,146661
247,Ravenclaw,c-piscine-kocaeli-ravenclaw,https://cdn.intra.42.fr/coalition/image/247/Logo_Ravenclaw.svg,https://cdn.intra.42.fr/coalition/cover/247/Ravenclaw.png,#0080cc,1540,146662
246,Hufflepuff,c-piscine-kocaeli-hufflepuff,https://cdn.intra.42.fr/coalition/image/246/Logo_HufflePuff.svg,https://cdn.intra.42.fr/coalition/cover/246/triangles-download__4_.png,#ffaa00,1520,146662
245,Gryffindor,c-piscine-kocaeli-gryffindor,https://cdn.intra.42.fr/coalition/image/245/Logo_Gryffindor.svg,https://cdn.intra.42.fr/coalition/cover/245/Gryffindor.png,#ff0000,805,146662
244,Ravenclaw,c-piscine-istanbul-ravenclaw,https://cdn.intra.42.fr/coalition/image/244/Logo_Ravenclaw.svg,https://cdn.intra.42.fr/coalition/cover/244/Ravenclaw.png,#0080cc,2245,185810
243,La Légion,La_Légion,https://cdn.intra.42.fr/coalition/image/243/42Q_035_22_Logo_Legion.svg,https://cdn.intra.42.fr/coalition/cover/243/42Q_035_22_BG_Coalitions_Legion_3000x2000.jpg,#cc0000,16786,55127
242,Torrent,Torrent,https://cdn.intra.42.fr/coalition/image/242/42Q_035_22_Logo_Torrent.svg,https://cdn.intra.42.fr/coalition/cover/242/42Q_035_22_BG_Coalitions_Torrent_3000x2000.jpg,#1768DE,15021,55127
241,Les Paresseux,dracofeu,https://cdn.intra.42.fr/coalition/image/241/sloths.svg,https://cdn.intra.42.fr/coalition/cover/241/sloths_background.jpeg,#ffa9c6,3977,157895
239,The Order,c-piscine-porto-the-order,https://cdn.intra.42.fr/coalition/image/239/order_logo.svg,,#FF6950,0,210404
238,The Assembly,c-piscine-porto-the-assembly,https://cdn.intra.42.fr/coalition/image/238/assembly.svg,,#8453B0,0,90490
237,The Alliance,c-piscine-porto-the-alliance,https://cdn.intra.42.fr/coalition/image/237/alliance_logo.svg,,#33C47F,0,210405
236,The Federation,c-piscine-porto-the-federation,https://cdn.intra.42.fr/coalition/image/236/federation_logo.svg,,#4180DB,0,210402
235,La heap,heap,https://cdn.intra.42.fr/coalition/image/235/heap-logo.svg,https://cdn.intra.42.fr/coalition/cover/235/heap-bg-option5.jpg,#00B333,9670,89553
221,La stack,stack,https://cdn.intra.42.fr/coalition/image/221/stack-logo.svg,https://cdn.intra.42.fr/coalition/cover/221/stack-bg-option4.jpg,#FF1919,12129,95895
220,Analysts,analysts,https://cdn.intra.42.fr/coalition/image/220/The_Analysts_logo_big.svg,https://cdn.intra.42.fr/coalition/cover/220/login-screen_15_.jpg,#4ca3ff,225112,98669
219,Seekers,seekers,https://cdn.intra.42.fr/coalition/image/219/The_Seekers_logo_big.svg,https://cdn.intra.42.fr/coalition/cover/219/login-screen.jpg,#FF6950,187217,100237
218,Architects,architects,https://cdn.intra.42.fr/coalition/image/218/The_Architects_logo_big.svg,https://cdn.intra.42.fr/coalition/cover/218/login-screen_14_.jpg,#33C47F,181151,96506
217,Seals,polaris,https://cdn.intra.42.fr/coalition/image/217/Seal.svg,https://cdn.intra.42.fr/coalition/cover/217/gold_background.jpg,#fcd451,0,93623
216,Squirtle,sonic,https://cdn.intra.42.fr/coalition/image/216/LOGO-SQUIRTLE.svg,https://cdn.intra.42.fr/coalition/cover/216/Banners_intra_coaliciones_Squirtle_light.png,#A9DBEB,0,169717
215,Charmander,mario,https://cdn.intra.42.fr/coalition/image/215/LOGO-CHARMANDER.svg,https://cdn.intra.42.fr/coalition/cover/215/Banners_intra_coaliciones_charmander_light.png,#FF7214,0,169862
214,Segmentation Scorpions,segmentation-scorpions,https://cdn.intra.42.fr/coalition/image/214/scorpion-svgrepo-com.svg,,#DCAC79,925,193010
213,Encryption Elephants,encryption-elephants,https://cdn.intra.42.fr/coalition/image/213/elephant-frontal-head-outline-svgrepo-com.svg,,#B0B7BA,1022,186058
212,Overflow Octopus,overflow-octopus,https://cdn.intra.42.fr/coalition/image/212/octopus-svgrepo-com.svg,,#923A8F,1512,186070
210,Network Narwhals,network-narwhals,https://cdn.intra.42.fr/coalition/image/210/Narwhale_white_final.svg,https://cdn.intra.42.fr/coalition/cover/210/retrowaveNarwals-min.png,#4479E1,4,104256
209,Daemon Dragonflies,daemon-dragonflies,https://cdn.intra.42.fr/coalition/image/209/Dragonfly_white_final.svg,https://cdn.intra.42.fr/coalition/cover/209/retroDragonflies-min.png,#DB0003,0,185591
208,Compile Crocodiles,compile-crocodiles,https://cdn.intra.42.fr/coalition/image/208/Crocodile_white_final.svg,https://cdn.intra.42.fr/coalition/cover/208/retrowaveCrocodiles-min.png,#7ABD21,20,111695
206,Invaders,invaders,https://cdn.intra.42.fr/coalition/image/206/invader_white.svg,https://cdn.intra.42.fr/coalition/cover/206/test-2.jpg,#6fc848,175164,98734
205,Tetris,tetris,https://cdn.intra.42.fr/coalition/image/205/tetris_white.svg,https://cdn.intra.42.fr/coalition/cover/205/tetris_banner.jpg,#6A6AFE,265703,183781
204,Pac-Man,pac-man,https://cdn.intra.42.fr/coalition/image/204/pacman_white.svg,https://cdn.intra.42.fr/coalition/cover/204/test.jpg,#FFB344,199970,182324
202,The Order,42-zip-paris-the-order,https://cdn.intra.42.fr/coalition/image/202/order.svg,https://cdn.intra.42.fr/coalition/cover/202/order_background.jpg,#FF6950,0,99889
201,The Alliance,42-zip-paris-the-alliance,https://cdn.intra.42.fr/coalition/image/201/alliance.svg,https://cdn.intra.42.fr/coalition/cover/201/alliance_background.jpg,#33C47F,0,101516
200,The Assembly,42-zip-paris-the-assembly,https://cdn.intra.42.fr/coalition/image/200/assembly.svg,https://cdn.intra.42.fr/coalition/cover/200/assembly_background.jpg,#A061D1,0,86363
199,The Federation,42-zip-paris-the-federation,https://cdn.intra.42.fr/coalition/image/199/federation.svg,https://cdn.intra.42.fr/coalition/cover/199/federation_background.jpg,#4180DB,0,34476
198,Slytherin,syltherin,https://cdn.intra.42.fr/coalition/image/198/Logo_Slytherin.svg,https://cdn.intra.42.fr/coalition/cover/198/triangles-download__1_.png,#00cc00,1585,145507
197,Hufflepuff,hufflepuff-5dd95595-0486-41b9-85b4-26ac0cea6913,https://cdn.intra.42.fr/coalition/image/197/Logo_HufflePuff.svg,https://cdn.intra.42.fr/coalition/cover/197/Hufflepuff.png,#ffaa00,2430,197327
196,Gryffindor,c-piscine-istanbul-gryffindor,https://cdn.intra.42.fr/coalition/image/196/Logo_Gryffindor.svg,https://cdn.intra.42.fr/coalition/cover/196/Gryffindor.png,#ff0000,2417,187246
195,HufflePuff,c-piscine-istanbul-hufflepuff,https://cdn.intra.42.fr/coalition/image/195/Katman_0.svg,https://cdn.intra.42.fr/coalition/cover/195/abstract-background-284.jpg,#0110FF,0,93256
193,House of Processes,42cursus-lausanne-house-of-processes,https://cdn.intra.42.fr/coalition/image/193/final-processes-black-12.svg,https://cdn.intra.42.fr/coalition/cover/193/celine-back.jpg,#70AF85,6718522,177332
192,House of Threads,42cursus-lausanne-house-of-threads,https://cdn.intra.42.fr/coalition/image/192/final-threads-black.svg,https://cdn.intra.42.fr/coalition/cover/192/jpeg-back5.jpg,#599ac2,6389116,177333
191,House of Cores,42cursus-lausanne-house-of-cores,https://cdn.intra.42.fr/coalition/image/191/final-cores-black3.svg,https://cdn.intra.42.fr/coalition/cover/191/back-intra-cores.jpg,#B23256,6716493,180272
190,House of Processes,house-of-processes,https://cdn.intra.42.fr/coalition/image/190/final-processes-black-12.svg,https://cdn.intra.42.fr/coalition/cover/190/celine-back.jpg,#70AF85,0,44922
189,House of Threads,house-of-threads,https://cdn.intra.42.fr/coalition/image/189/final-threads-black.svg,https://cdn.intra.42.fr/coalition/cover/189/jpeg-back5.jpg,#528AAE,0,31461
188,House of Cores,house-of-cores,https://cdn.intra.42.fr/coalition/image/188/final-cores-black3.svg,https://cdn.intra.42.fr/coalition/cover/188/test-kenza-back.jpg,#B23256,0,84268
183,Kernel Kamikazes,kernel-kamikazes,https://cdn.intra.42.fr/coalition/image/183/KERNEL_KAMIKAZE.svg,https://cdn.intra.42.fr/coalition/cover/183/pngtree-watercolor-gray-abstract-background-image_319377.jpg,#810FD3,17748,87383
182,Segmentation Slayers,segmentation-slayers,https://cdn.intra.42.fr/coalition/image/182/SEGMENTATION_SLAYER.svg,https://cdn.intra.42.fr/coalition/cover/182/pngtree-watercolor-gray-abstract-background-image_319377.jpg,#720201,11055,87383
181,Unix Unicorns,unix-unicorns,https://cdn.intra.42.fr/coalition/image/181/UNIX_UNICORN.svg,https://cdn.intra.42.fr/coalition/cover/181/pngtree-watercolor-gray-abstract-background-image_319377.jpg,#FE7F9C,20899,87383
180,Bug Busters,bug-busters,https://cdn.intra.42.fr/coalition/image/180/BUG_BUSTER.svg,https://cdn.intra.42.fr/coalition/cover/180/pngtree-watercolor-gray-abstract-background-image_319377.jpg,#121940,15421,87383
179,Sol,galactus,https://cdn.intra.42.fr/coalition/image/179/sol_logo.svg,https://cdn.intra.42.fr/coalition/cover/179/sol_banner_new.jpg,#EE3F36,171436,93623
178,Luna,cosmos,https://cdn.intra.42.fr/coalition/image/178/luna_logo.svg,https://cdn.intra.42.fr/coalition/cover/178/luna_banner_new.jpg,#79A8DA,203991,93623
177,Astra,black-eye,https://cdn.intra.42.fr/coalition/image/177/astra_logo__1_.svg,https://cdn.intra.42.fr/coalition/cover/177/astra_banner_new.jpg,#FFDE16,304470,93623
176,Terra,orion,https://cdn.intra.42.fr/coalition/image/176/terra_logo.svg,https://cdn.intra.42.fr/coalition/cover/176/terra_banner_new.jpg,#0B9444,210244,93623
175,Nautilus,nautilus,https://cdn.intra.42.fr/coalition/image/175/nautilus_final.svg,https://cdn.intra.42.fr/coalition/cover/175/nautilus_wallpaper.jpg,#41CACC,82426,87098
174,Nostromo,nostromo,https://cdn.intra.42.fr/coalition/image/174/nostromo_final.svg,https://cdn.intra.42.fr/coalition/cover/174/nostromo_wallpaper.jpeg,#9E28E2,61950,147859
173,Magrathea,magrathea,https://cdn.intra.42.fr/coalition/image/173/magrathea_final.svg,https://cdn.intra.42.fr/coalition/cover/173/magrathea_wallpaper.jpg,#E3AA40,129594,88012
172,Droids,midi-chlorian,https://cdn.intra.42.fr/coalition/image/172/DROIDS.SVG,https://cdn.intra.42.fr/coalition/cover/172/cyan_2.jpg,#00ffff,0,133970
171,Saibaimen,saibaimen,https://cdn.intra.42.fr/coalition/image/171/drawing_fixed.svg,https://cdn.intra.42.fr/coalition/cover/171/saibamen_2__1_.jpg,#00ff00,0,133970
170,Giorgios,voidling,https://cdn.intra.42.fr/coalition/image/170/GIORGIO.svg,https://cdn.intra.42.fr/coalition/cover/170/viola_1.jpg,#FF15FF,0,153483
168,The Sharks,c-piscine-lausanne-the-sloths,https://cdn.intra.42.fr/coalition/image/168/7.svg,https://cdn.intra.42.fr/coalition/cover/168/marmots.jpeg,#82CCE0,6261,171512
167,The Frogs,c-piscine-lausanne-the-skunks,https://cdn.intra.42.fr/coalition/image/167/5.svg,https://cdn.intra.42.fr/coalition/cover/167/skunk_background.jpeg,#6c8946,6321,152483
166,The Penguins,c-piscine-lausanne-the-blobfishes,https://cdn.intra.42.fr/coalition/image/166/8.svg,https://cdn.intra.42.fr/coalition/cover/166/foxes-back.jpeg,#EAB77F,6049,112666
165,Seal,seal,https://cdn.intra.42.fr/coalition/image/165/Seal.svg,,#fcd451,0,93623
164,Shark,shark,https://cdn.intra.42.fr/coalition/image/164/Shark.svg,,#d103bd,0,183969
163,Penguin,penguin,https://cdn.intra.42.fr/coalition/image/163/Penguin.svg,,#e47e51,0,137659
162,Dolphin,dolphin,https://cdn.intra.42.fr/coalition/image/162/Dolphin_grey.svg,,#00babc,0,214097
160,Apollo 42,coalition-c,https://cdn.intra.42.fr/coalition/image/160/3.svg,https://cdn.intra.42.fr/coalition/cover/160/3.png,#00BABC,62103,172660
159,Area 42,coalition-b,https://cdn.intra.42.fr/coalition/image/159/28.svg,https://cdn.intra.42.fr/coalition/cover/159/1.png,#F1CA37,67813,209143
158,Magrathea,coalition-a,https://cdn.intra.42.fr/coalition/image/158/Coal-1_Logo_b.svg,https://cdn.intra.42.fr/coalition/cover/158/2.png,#d101bf ,66421,196106
157,test coalition 2,test-coalition-2,https://cdn.intra.42.fr/coalition/image/157/logo.svg,,FFFFFF,0,79243
156,test coalition,test-coalition,https://cdn.intra.42.fr/coalition/image/156/logo.svg,,FFFFFF,0,79243
148,Blue Team,tzer,https://cdn.intra.42.fr/coalition/image/148/federation.svg,, #232dab,0,87383
147,Red Team,thila,https://cdn.intra.42.fr/coalition/image/147/federation.svg,,#FF0000,10,74827
126,Acqua,void,https://cdn.intra.42.fr/coalition/image/126/acqua.svg,https://cdn.intra.42.fr/coalition/cover/126/acqua.jpeg,#1E7AB0,268010,212210
125,Fuoco,saiyajin,https://cdn.intra.42.fr/coalition/image/125/svgexport-2.svg,https://cdn.intra.42.fr/coalition/cover/125/fuoco.jpeg,#B11E23,259794,133970
124,Erba,sith,https://cdn.intra.42.fr/coalition/image/124/Terra.svg,https://cdn.intra.42.fr/coalition/cover/124/erba5.jpeg,#318D2B,300927,201998
122,Corrino,42cursus-nice-corrino,https://cdn.intra.42.fr/coalition/image/122/dune_logo_cor_2.svg,https://cdn.intra.42.fr/coalition/cover/122/bg_classic_corrino.jpg,#A061D1,125237,220393
120,Water Warriors,the-simpsons,https://cdn.intra.42.fr/coalition/image/120/3.svg,, #0388fc,0,74409
119,Fire Fawns,the-jetsons,https://cdn.intra.42.fr/coalition/image/119/2.svg,,#c22b2b,0,90380
117,Harkonnen,harkonnen,https://cdn.intra.42.fr/coalition/image/117/dune_logo_har_2.svg,https://cdn.intra.42.fr/coalition/cover/117/bg_classic_harkonnen.jpg,#4180DB,145278,78574
116,Atreides,atreides,https://cdn.intra.42.fr/coalition/image/116/dune_logo_atr_2.svg,https://cdn.intra.42.fr/coalition/cover/116/bg_classic_atreides.jpg,#00954d,160952,79125
112,The Alliance,c-piscine-lisbon-alliance,https://cdn.intra.42.fr/coalition/image/112/alliance.svg,https://cdn.intra.42.fr/coalition/cover/112/alliance_background.jpg,#33C47F,198475,212207
111,The Federation,federation,https://cdn.intra.42.fr/coalition/image/111/federation.svg,https://cdn.intra.42.fr/coalition/cover/111/federation_background.jpg,#4180DB,248217,142177
110,The Order,order,https://cdn.intra.42.fr/coalition/image/110/order.svg,https://cdn.intra.42.fr/coalition/cover/110/order_background.jpg,#FF6950,253008,212206
109,The Assembly,assembly,https://cdn.intra.42.fr/coalition/image/109/assembly.svg,https://cdn.intra.42.fr/coalition/cover/109/assembly_background.jpg,#8453B0,160900,212208
108,La Stack,la-stack,https://cdn.intra.42.fr/coalition/image/108/stack-logo.svg,https://cdn.intra.42.fr/coalition/cover/108/stack-bg-option4.jpg,#FF1919,0,212128
107,La Heap,la-heap,https://cdn.intra.42.fr/coalition/image/107/heap-logo.svg,https://cdn.intra.42.fr/coalition/cover/107/heap-bg-option5.jpg,#00B333,0,212129
106,Horde,horde,https://cdn.intra.42.fr/coalition/image/106/horde_logo_2.svg,https://cdn.intra.42.fr/coalition/cover/106/horde_background_2.jpg,#bf1b1b,6033,79125
105,Alliance,alliance,https://cdn.intra.42.fr/coalition/image/105/alliance_logo_2.svg,https://cdn.intra.42.fr/coalition/cover/105/alliance_background_2.jpg,#3759bf,5196,78574
104,Terra,42cursus-kazan-83b7ab34-6005-4b3e-be4b-9bd5096e92f4,https://cdn.intra.42.fr/coalition/image/104/terra.svg,https://cdn.intra.42.fr/coalition/cover/104/Terra_.jpg,#35D2AB,0,109853
103,Aer,42cursus-kazan-20874c58-b1f1-4688-b373-b9c40da4cdcf,https://cdn.intra.42.fr/coalition/image/103/aer__1_.svg,https://cdn.intra.42.fr/coalition/cover/103/Aer1.jpg,#98B4D4,0,101265
102,Ignis,42cursus-kazan-b30edef5-4b5f-47fa-86c5-e8d76b10963f,https://cdn.intra.42.fr/coalition/image/102/ignis.svg,https://cdn.intra.42.fr/coalition/cover/102/Ignis_.jpg,#ff461d,0,95329
101,Aqua,42cursus-kazan,https://cdn.intra.42.fr/coalition/image/101/aqua.svg,https://cdn.intra.42.fr/coalition/cover/101/Aqua1.jpg,#84cde0,0,101888
100,Удильщики,c-piscine-kazan-5cb63bb1-e34f-41ff-bc0e-4260cd1c706b,https://cdn.intra.42.fr/coalition/image/100/Удильщик_bw.svg,https://cdn.intra.42.fr/coalition/cover/100/Удильщик3.jpeg,#6E2828,0,79094
99,Скорпены,c-piscine-kazan-f67b8c2f-a887-4962-85cf-2555288d7e9e,https://cdn.intra.42.fr/coalition/image/99/Скорпена_bw.svg,https://cdn.intra.42.fr/coalition/cover/99/Скорпены.jpeg,#B44619,0,71628
98,Мурены,c-piscine-kazan-ced693eb-db08-4000-93ea-e9608bbacee8,https://cdn.intra.42.fr/coalition/image/98/Мурена_bw.svg,https://cdn.intra.42.fr/coalition/cover/98/Мурены2.jpeg,#006EAA,0,89555
97,Триониксы,c-piscine-kazan,https://cdn.intra.42.fr/coalition/image/97/Трионикс_bw.svg,https://cdn.intra.42.fr/coalition/cover/97/триониксы4.jpeg,#009146,0,66136
96,Аксолотли,c-piscine-moscow-49099a42-c2f4-4895-9813-39a03ede0ea7,https://cdn.intra.42.fr/coalition/image/96/axololt_black.svg,https://cdn.intra.42.fr/coalition/cover/96/a-05.jpg,#9b2460,0,86410
95,Утконосы,c-piscine-moscow-0d81e8a9-e5dc-4d35-81c5-737615754bd7,https://cdn.intra.42.fr/coalition/image/95/platypus_black.svg,https://cdn.intra.42.fr/coalition/cover/95/p-02.jpg,#512d15,0,87108
94,Слизни,c-piscine-moscow-f1127625-f9c7-440d-a93e-3f1f3c17a8fb,https://cdn.intra.42.fr/coalition/image/94/slug_black.svg,https://cdn.intra.42.fr/coalition/cover/94/s-03.jpg,#1f6e4e,0,87385
93,Тихоходки,c-piscine-moscow,https://cdn.intra.42.fr/coalition/image/93/waterbear_black.svg,https://cdn.intra.42.fr/coalition/cover/93/w-06.jpg,#2294ae,0,53024
92,Медоеды,42cursus-moscow-29a77b7c-670d-486c-a835-9c6c0f779d74,https://cdn.intra.42.fr/coalition/image/92/medoed_mirrored.svg,,#52A4C3,0,108511
91,Саламандры,42cursus-moscow-ebd989f1-0ca0-4986-bfb9-7b6ac43a74da,https://cdn.intra.42.fr/coalition/image/91/salamandra_new-01.svg,,#AA52C3,0,103615
90,Капибары,42cursus-moscow-b1c48485-28a5-4a68-87f7-ea76c82daa97,https://cdn.intra.42.fr/coalition/image/90/capy-black.svg,,#b71c1c,0,48005
89,Альпаки,42cursus-moscow,https://cdn.intra.42.fr/coalition/image/89/alpa-black.svg,,#6BC352,0,132811
88,Lee,lee,https://cdn.intra.42.fr/coalition/image/88/lee-svg-svg_1_.svg,https://cdn.intra.42.fr/coalition/cover/88/lee_cover.jpg,#bb4140,21025,131526
87,Gam,gam,https://cdn.intra.42.fr/coalition/image/87/gam-svg-svg__3_.svg,https://cdn.intra.42.fr/coalition/cover/87/gam_cover.jpg,#4c83a4,4325,110811
86,Gon,gon,https://cdn.intra.42.fr/coalition/image/86/gon-svg-svg.svg,https://cdn.intra.42.fr/coalition/cover/86/gon_cover.jpg,#559f7a,9516,112245
85,Gun,gun,https://cdn.intra.42.fr/coalition/image/85/gun-svg-svg.svg,https://cdn.intra.42.fr/coalition/cover/85/gun_cover.jpg,#ffc221,3213,141373
84,Скорпены,piscine-c-kazan-db15c260-93a5-4e26-ba16-b41367621190,https://cdn.intra.42.fr/coalition/image/84/Скорпена_bw.svg,https://cdn.intra.42.fr/coalition/cover/84/Скорпены.jpeg,#B44619,0,71628
83,Удильщики,piscine-c-kazan-b5987298-d0c4-4c31-8bef-b28f99381a8c,https://cdn.intra.42.fr/coalition/image/83/Удильщик_bw.svg,https://cdn.intra.42.fr/coalition/cover/83/Удильщик3.jpeg,#6E2828,0,66116
82,Мурены,piscine-c-kazan-48927b2f-b0c1-4e8a-9932-ff2ccff8f95b,https://cdn.intra.42.fr/coalition/image/82/Мурена_bw.svg,https://cdn.intra.42.fr/coalition/cover/82/Мурены2.jpeg,#006EAA,0,55336
81,Триониксы,piscine-c-kazan,https://cdn.intra.42.fr/coalition/image/81/Трионикс_bw.svg,https://cdn.intra.42.fr/coalition/cover/81/триониксы4.jpeg,#009146,0,66136
80,Commodore,42cursus-benguerir-idealists,https://cdn.intra.42.fr/coalition/image/80/Commodore_Artboard_3.svg,https://cdn.intra.42.fr/coalition/cover/80/Commodore_BG.jpg,#235a16,469174,74206
79,Bios,philanthropists,https://cdn.intra.42.fr/coalition/image/79/Bios-02.svg,https://cdn.intra.42.fr/coalition/cover/79/BiosBG.jpg,#02cdd1,480941,74113
78,Freax,42cursus-benguerir-insomniacs,https://cdn.intra.42.fr/coalition/image/78/Freax_Artboard_4.svg,https://cdn.intra.42.fr/coalition/cover/78/Freax_BG.jpg,#f5bc39,516536,170419
77,Pandora,42cursus-benguerir-observers,https://cdn.intra.42.fr/coalition/image/77/Pandora-01.svg,https://cdn.intra.42.fr/coalition/cover/77/Pandora_BG.jpg,#b61282,489975,74112
76,Commodore,42cursus-khouribga-idealists,https://cdn.intra.42.fr/coalition/image/76/Commodore_Artboard_3.svg,https://cdn.intra.42.fr/coalition/cover/76/Commodore_BG.jpg,#235a16,2462167,74205
75,Freax,42cursus-khouribga-philantropists,https://cdn.intra.42.fr/coalition/image/75/Freax_Artboard_4.svg,https://cdn.intra.42.fr/coalition/cover/75/Freax_BG.jpg,#f5bc39,2332795,145509
74,Pandora,42cursus-khouribga-insomniacs,https://cdn.intra.42.fr/coalition/image/74/Pandora-01.svg,https://cdn.intra.42.fr/coalition/cover/74/Pandora_BG.jpg,#b61282,2185918,105051
73,Bios,42cursus-khouribga-observers,https://cdn.intra.42.fr/coalition/image/73/Bios-02.svg,https://cdn.intra.42.fr/coalition/cover/73/BiosBG.jpg,#02cdd1,2280960,157636
72,Observers,observers,https://cdn.intra.42.fr/coalition/image/72/observers.svg,https://cdn.intra.42.fr/coalition/cover/72/low-poly-texture-18_copy.png,#fadb2a,34918,38772
71,Philantropists,philantropists,https://cdn.intra.42.fr/coalition/image/71/philantropists.svg,https://cdn.intra.42.fr/coalition/cover/71/order_background.jpg,#FF6950,27845,38763
70,Idealists,idealists,https://cdn.intra.42.fr/coalition/image/70/idealists.svg,https://cdn.intra.42.fr/coalition/cover/70/low-poly-texture-12_copy.png,#A061D1,19295,38765
69,Insomniacs,insomniacs,https://cdn.intra.42.fr/coalition/image/69/insomniacs.svg,https://cdn.intra.42.fr/coalition/cover/69/federation_background.jpg,#4180DB,22645,59732
63,faisan,faisan,https://cdn.intra.42.fr/coalition/image/63/icon_01pheasant.svg,https://cdn.intra.42.fr/coalition/cover/63/federation_bg3.jpg,#529251,1129158,68139
62,singe,singe,https://cdn.intra.42.fr/coalition/image/62/icon_03monkey.svg,https://cdn.intra.42.fr/coalition/cover/62/federation_bg2.jpg,#9666cb,921202,185480
61,chien,chien,https://cdn.intra.42.fr/coalition/image/61/icon_02dog.svg,https://cdn.intra.42.fr/coalition/cover/61/federation_bg1.jpg,#d2b85f,1215560,59728
60,Vela,42cursus-amsterdam-vela,https://cdn.intra.42.fr/coalition/image/60/Vela.svg,https://cdn.intra.42.fr/coalition/cover/60/velatry.jpg,#E52A2D,2678,137419
59,Cetus,42cursus-amsterdam-cetus,https://cdn.intra.42.fr/coalition/image/59/Cetus.svg,https://cdn.intra.42.fr/coalition/cover/59/Cetus_small.jpg,#3AA2DB,2703,137419
58,Pyxis,42cursus-amsterdam-pyxis,https://cdn.intra.42.fr/coalition/image/58/Pyxis.svg,https://cdn.intra.42.fr/coalition/cover/58/Pyxis_small-min__1_.png,#B73188,3030,137419
57,The Foragers,the-foragers,https://cdn.intra.42.fr/coalition/image/57/foragers_logo.svg,https://cdn.intra.42.fr/coalition/cover/57/lowpoly_white_green.png,#7FBE80,375,68782
56,The Builders,the-builders,https://cdn.intra.42.fr/coalition/image/56/beever.svg,https://cdn.intra.42.fr/coalition/cover/56/lowpoly_white_orange.png,#EE7800,721,59606
55,The Guards,the-guards,https://cdn.intra.42.fr/coalition/image/55/guards_logo.svg,https://cdn.intra.42.fr/coalition/cover/55/lowpoly_white_lila.png,#C574A8,842,61928
54,The Trojans,42cursus-brussels-the-trojans,https://cdn.intra.42.fr/coalition/image/54/horse.svg,https://cdn.intra.42.fr/coalition/cover/54/trojans_background.jpg,#0E23B2,336441,195558
53,The Athenians,the-athenians,https://cdn.intra.42.fr/coalition/image/53/owl.svg,https://cdn.intra.42.fr/coalition/cover/53/athenians_background.jpg,#005200,240105,178012
52,The Spartans,42cursus-brussels-the-spartans,https://cdn.intra.42.fr/coalition/image/52/image2vector.svg,https://cdn.intra.42.fr/coalition/cover/52/spartans_background.jpg,#BA0000,206898,78407
48,The Assembly,42cursus-paris-the-assembly,https://cdn.intra.42.fr/coalition/image/48/assembly.svg,https://cdn.intra.42.fr/coalition/cover/48/assembly_background.jpg,#A061D1,549496,99888
47,The Order,42cursus-paris-the-order,https://cdn.intra.42.fr/coalition/image/47/order.svg,https://cdn.intra.42.fr/coalition/cover/47/order_background.jpg,#FF6950,533690,209139
46,The Alliance,42cursus-paris-the-alliance,https://cdn.intra.42.fr/coalition/image/46/alliance.svg,https://cdn.intra.42.fr/coalition/cover/46/alliance_background.jpg,#33C47F,583238,89556
45,The Federation,42cursus-paris-the-federation,https://cdn.intra.42.fr/coalition/image/45/federation.svg,https://cdn.intra.42.fr/coalition/cover/45/federation_background.jpg,#4180DB,501604,155558
44,Water,water,https://cdn.intra.42.fr/coalition/image/44/170px-Alchemy_water_symbol.svg,,#87CEEB,360,49867
42,A Federação,a-federacao,https://cdn.intra.42.fr/coalition/image/42/federação.svg,https://cdn.intra.42.fr/coalition/cover/42/federação_background.jpg,#4080DB,0,62857
41,A Aliança,a-alianca,https://cdn.intra.42.fr/coalition/image/41/aliança.svg,https://cdn.intra.42.fr/coalition/cover/41/aliança_background.jpg,#33C47F,0,62492
40,A Ordem,fire,https://cdn.intra.42.fr/coalition/image/40/ordem.svg,https://cdn.intra.42.fr/coalition/cover/40/ordem_background.jpg,#FF6950,0,63969
39,Капибары,42-moscow-ae6ce225-5f7a-48f7-b7e5-5c8e321d21b0,https://cdn.intra.42.fr/coalition/image/39/capy-black.svg,,#b71c1c,0,48005
38,Саламандры,42-moscow-ba2e6394-4ae9-432b-81de-dc07e2b18576,https://cdn.intra.42.fr/coalition/image/38/salamandra_new-01.svg,,#AA52C3,0,87108
37,Альпаки,42-moscow-33733fcf-dd58-4c42-8d29-839a3e3d2bd9,https://cdn.intra.42.fr/coalition/image/37/alpa-black.svg,,#6BC352,0,103274
36,Медоеды,42-moscow,https://cdn.intra.42.fr/coalition/image/36/medoed_mirrored.svg,,#52A4C3,0,86410
35,Cetus,cetus,https://cdn.intra.42.fr/coalition/image/35/Cetus.svg,https://cdn.intra.42.fr/coalition/cover/35/Cetus_small.jpg,#3AA2DB,349694,81191
34,Pyxis,pyxis,https://cdn.intra.42.fr/coalition/image/34/Pyxis.svg,https://cdn.intra.42.fr/coalition/cover/34/Pyxis_small-min__1_.png,#B73188,354630,46321
33,Vela,vela,https://cdn.intra.42.fr/coalition/image/33/Vela.svg,https://cdn.intra.42.fr/coalition/cover/33/velatry.jpg,#E52A2D,336575,79121
32,The Trojans,the-trojans,https://cdn.intra.42.fr/coalition/image/32/black-head-horse-side-view-with-horsehair.svg,https://cdn.intra.42.fr/coalition/cover/32/trojans_background_2_copy.jpg,0e23b2,0,43048
31,The Spartans,the-spartans,https://cdn.intra.42.fr/coalition/image/31/helmet__1_.svg,https://cdn.intra.42.fr/coalition/cover/31/spartans_background_2.jpg,ba0000,0,56960
30,The Athenians,the-atheniens,https://cdn.intra.42.fr/coalition/image/30/big-owl.svg,https://cdn.intra.42.fr/coalition/cover/30/athenians_background_.jpg,005200,0,34587
29,Explorer,explorer,https://cdn.intra.42.fr/coalition/image/29/Explorer.svg,https://cdn.intra.42.fr/coalition/cover/29/explorer_background.jpg,#DB924A,0,26608
28,Ranger,ranger,https://cdn.intra.42.fr/coalition/image/28/Ranger.svg,https://cdn.intra.42.fr/coalition/cover/28/ranger_background.jpg,#B74D5A,0,49132
27,Pioneer,pioneer,https://cdn.intra.42.fr/coalition/image/27/pioneer.svg,https://cdn.intra.42.fr/coalition/cover/27/pioneer_background.jpg,#3999FF,0,36696
26,Аксолотли,the-axolotls,https://cdn.intra.42.fr/coalition/image/26/axololt_black.svg,https://cdn.intra.42.fr/coalition/cover/26/a-05.jpg,#9b2460,0,59926
25,Утконосы,the-platypuses,https://cdn.intra.42.fr/coalition/image/25/platypus_black.svg,https://cdn.intra.42.fr/coalition/cover/25/p-02.jpg,#512d15,0,80956
24,Слизни,the-slugs,https://cdn.intra.42.fr/coalition/image/24/slug_black.svg,https://cdn.intra.42.fr/coalition/cover/24/s-03.jpg,#1f6e4e,0,72506
23,Тихоходки,the-water-bears,https://cdn.intra.42.fr/coalition/image/23/waterbear_black.svg,https://cdn.intra.42.fr/coalition/cover/23/w-06.jpg,#2294ae,0,53024
21,Wüfpacke,woofpacke,https://cdn.intra.42.fr/coalition/image/21/Woofpack.svg,https://cdn.intra.42.fr/coalition/cover/21/low-poly-texture-9_copy.png,78CAEA,1115,35051
20,Galacticat,piscine-c-fremont-galacticat,https://cdn.intra.42.fr/coalition/image/20/Galacticat.svg,https://cdn.intra.42.fr/coalition/cover/20/low-poly-texture-21_copy.png,C49BF8,852,43902
19,Hunnybadger,hunnybadger,https://cdn.intra.42.fr/coalition/image/19/Hunnybadger.svg,https://cdn.intra.42.fr/coalition/cover/19/low-poly-texture-8.png,E7E77A,1615,36532
18,Snek,snek,https://cdn.intra.42.fr/coalition/image/18/Snek.svg,https://cdn.intra.42.fr/coalition/cover/18/low-poly-texture-27.png,A6DC97,1213,33515
17,The Worms,piscine-c-lyon-the-worms,https://cdn.intra.42.fr/coalition/image/17/worms.svg,https://cdn.intra.42.fr/coalition/cover/17/worms_background.jpg,#eab77f,27486,108244
16,The Skunks,piscine-c-lyon-the-skunks,https://cdn.intra.42.fr/coalition/image/16/skunks.svg,https://cdn.intra.42.fr/coalition/cover/16/skunk_background.jpg,#6c8946,25169,151400
15,The Blobfishes,piscine-c-lyon-the-blobfishes,https://cdn.intra.42.fr/coalition/image/15/blobfishes.svg,https://cdn.intra.42.fr/coalition/cover/15/sloths_background.jpg,#82cce0,20698,185590
14,Catsup,catsup,https://cdn.intra.42.fr/coalition/image/14/two-horror-snakes-tattoo.svg,https://cdn.intra.42.fr/coalition/cover/14/low-poly-texture-18_copy.png,800000,0,23424
13,Galacticat,galacticat,https://cdn.intra.42.fr/coalition/image/13/Biohazard_symbol.svg,https://cdn.intra.42.fr/coalition/cover/13/low-poly-texture-12_copy.png,A64881,0,28052
12,The Blobfishes,the-blobfishes,https://cdn.intra.42.fr/coalition/image/12/blobfishes.svg,https://cdn.intra.42.fr/coalition/cover/12/sloths_background.jpg,#82cce0,0,66982
11,The Skunks,the-skunks,https://cdn.intra.42.fr/coalition/image/11/skunks.svg,https://cdn.intra.42.fr/coalition/cover/11/skunk_background.jpg,#6c8946,0,66349
10,The Sloths,the-sloths,https://cdn.intra.42.fr/coalition/image/10/sloths.svg,https://cdn.intra.42.fr/coalition/cover/10/blobfishes-background.jpg,#ffa9c6,0,48214
9,The Worms,the-worms,https://cdn.intra.42.fr/coalition/image/9/worms.svg,https://cdn.intra.42.fr/coalition/cover/9/worms_background.jpg,#eab77f,0,77
8,The Hive,42-kyiv-the-hive,https://cdn.intra.42.fr/coalition/image/8/Hive_vec.svg,https://cdn.intra.42.fr/coalition/cover/8/hive_background.jpg,#00bcd4,0,47645
7,The Empire,42-kyiv-the-empire,https://cdn.intra.42.fr/coalition/image/7/Empire_vec.svg,https://cdn.intra.42.fr/coalition/cover/7/empire_background.jpg,#f44336,0,32603
6,The Union,42-kyiv-the-union,https://cdn.intra.42.fr/coalition/image/6/Union_vec.svg,https://cdn.intra.42.fr/coalition/cover/6/union_background.jpg,#673ab7,0,37573
5,The Alliance,42-kyiv-the-alliance,https://cdn.intra.42.fr/coalition/image/5/Alliance_vec.svg,https://cdn.intra.42.fr/coalition/cover/5/alliance_background.jpg,#4caf50,48,32599
4,The Order,the-order,https://cdn.intra.42.fr/coalition/image/4/order.svg,https://cdn.intra.42.fr/coalition/cover/4/order_background.jpg,#FF6950,0,66982
3,The Assembly,the-assembly,https://cdn.intra.42.fr/coalition/image/3/assembly.svg,https://cdn.intra.42.fr/coalition/cover/3/assembly_background.jpg,#A061D1,0,66982
2,The Alliance,the-alliance,https://cdn.intra.42.fr/coalition/image/2/alliance.svg,https://cdn.intra.42.fr/coalition/cover/2/alliance_background.jpg,#33C47F,157,66982
1,The Federation,the-federation,https://cdn.intra.42.fr/coalition/image/1/federation.svg,https://cdn.intra.42.fr/coalition/cover/1/federation_background.jpg,#4180DB,0,66982
