id,name,time_zone,language,users_count,vogsphere_id,country,address,zip,city,website,facebook,twitter,active,public,email_extension,default_hidden_phone,endpoint
75,Rabat,Africa/Casablanca,"{'id': 1, 'name': 'Français', 'identifier': 'fr'}",497,67,Morocco,"Mohammed VI Polytechnic University , Rocade Rabat-Salé, Rabat",1103,Rabat,https://1337.ma,,,True,True,1337.ma,False,"{'id': 65, 'url': 'https://endpoint-rab.1337.ma', 'description': 'Endpoint 1337 Rabat', 'created_at': '2024-08-13T12:24:04.471Z', 'updated_at': '2024-08-22T08:34:41.091Z'}"
73,IskandarPuteri,Asia/Kuala_Lumpur,"{'id': 2, 'name': 'English', 'identifier': 'en'}",621,66,Malaysia,"Level 1, Sunway GRID Hub, Persiaran Medini 3, Sunway City",79250,Iskandar Puteri,https://www.42iskandarputeri.edu.my/,,,True,True,42iskandarputeri.edu.my,False,"{'id': 64, 'url': 'https://endpoint.42iskandarputeri.edu.my:4000', 'description': 'Endpoint for 42 IskandarPuteri', 'created_at': '2024-04-12T02:26:36.784Z', 'updated_at': '2024-04-12T08:16:18.665Z'}"
72,Milano,Europe/Rome,"{'id': 16, 'name': 'Italian', 'identifier': 'it'}",17,63,Italy,"Via Massimo D'Azeglio, 3",20154,Milano MI,https://www.42milano.com/,,,True,True,42milano.com,False,"{'id': 60, 'url': 'https://endpoint.42milano.com:4000', 'description': 'Endpoint 42 milan', 'created_at': '2023-12-06T14:10:15.340Z', 'updated_at': '2023-12-07T09:38:41.945Z'}"
71,Beirut,Asia/Riyadh,"{'id': 2, 'name': 'English', 'identifier': 'en'}",791,64,Lebanon,"Beirut District Digital  Nassif El Yazaji St, Street, Liban",00000,Beirut,42beirut.com,,,True,True,42beirut.com,False,"{'id': 61, 'url': 'https://endpoint.42beirut.com:4000', 'description': 'Endpoint 42 Beirut', 'created_at': '2024-01-10T21:14:08.558Z', 'updated_at': '2025-01-08T09:44:14.650Z'}"
70,Nablus,Europe/Paris,"{'id': 2, 'name': 'English', 'identifier': 'en'}",2,,"Palestine, State of","Al-Ersal Street, Ramallah, Al-Ersal street, Nablus.",00000,Nablus,42nablus.com,,,True,True,,False,
69,Gyeongsan,Asia/Seoul,"{'id': 14, 'name': 'Korean', 'identifier': 'ko'}",1144,62,"Korea, Republic of","University Daegu, Naeri-ri, Jillyang-eup, Gyeongsan-si, Gyeongsangbuk-do, South Korea",0,Gyeongsan,https://42gyeongsan.kr,,,True,True,42gyeongsan.kr,False,"{'id': 59, 'url': 'https://endpoint.42gyeongsan.kr:4000', 'description': 'Gs endpoint', 'created_at': '2023-11-23T09:42:55.429Z', 'updated_at': '2024-01-05T17:21:52.373Z'}"
68,Luanda,Africa/Algiers,"{'id': 2, 'name': 'English', 'identifier': 'en'}",1498,57,Angola,"Av. Luanda Sul, Luanda, Angola",0,Luanda,https://42luanda.com/,,,True,True,42luanda.com,True,"{'id': 66, 'url': 'https://endpoint.42luanda.com:4000', 'description': '42 Luanda endpoint', 'created_at': '2025-03-11T19:36:58.055Z', 'updated_at': '2025-03-11T19:37:11.640Z'}"
67,Warsaw,Europe/Warsaw,"{'id': 2, 'name': 'English', 'identifier': 'en'}",966,60,Poland,"Spark - Aleja Solidarności 171, Warszawa",0,Warsaw,https://www.42.fr/,,,True,True,42warsaw.pl,False,"{'id': 57, 'url': 'https://endpoint.42warsaw.pl:4000', 'description': 'Endpoint 42 Warsaw', 'created_at': '2023-09-13T09:52:09.211Z', 'updated_at': '2023-09-13T10:26:26.528Z'}"
65,Antananarivo,Africa/Nairobi,"{'id': 1, 'name': 'Français', 'identifier': 'fr'}",1323,61,Madagascar,Building Titan VI Zone Galaxy Andraharo,101,Antananarivo,https://www.42antananarivo.mg,,,True,True,42antananarivo.mg,False,"{'id': 58, 'url': 'https://endpoint.42antananarivo.mg:4000', 'description': '', 'created_at': '2023-10-04T18:42:15.956Z', 'updated_at': '2023-10-06T09:20:54.277Z'}"
64,Singapore,Asia/Singapore,"{'id': 2, 'name': 'English', 'identifier': 'en'}",918,56,Singapore,8 Somapah Rd,487372,Singapore,https://www.42singapore.sg/,,,True,True,42singapore.sg,False,"{'id': 53, 'url': 'https://endpoint.42singapore.sg:4000', 'description': '', 'created_at': '2023-03-16T14:32:53.233Z', 'updated_at': '2023-03-16T14:33:13.009Z'}"
62,Le Havre,Europe/Paris,"{'id': 1, 'name': 'Français', 'identifier': 'fr'}",889,54,France,Cité Numérique - 20 Quai Frissard - Le Havre - 76600 - France,76600,Le Havre,https://42lehavre.fr,,,True,True,42lehavre.fr,False,"{'id': 51, 'url': 'https://endpoint.42lehavre.fr:4000', 'description': 'endpoint 42 Le Havre', 'created_at': '2022-11-03T12:44:09.760Z', 'updated_at': '2025-02-07T10:49:31.303Z'}"
61,Belo Horizonte,America/Sao_Paulo,"{'id': 17, 'name': 'Brazilian Portuguese', 'identifier': 'pt_br'}",12,,Brazil,- No address yet -,30000,Belo Horizonte,https://42bh.org.br,,,True,True,42bh.org.br,False,
60,Perpignan,Europe/Paris,"{'id': 1, 'name': 'Français', 'identifier': 'fr'}",1150,53,France,"5, Rue Pierre Curie - Les Dames de France",66000,Perpignan,https://42perpignan.fr,,,True,True,42perpignan.fr,False,"{'id': 50, 'url': 'https://endpoint.42perpignan.fr:4000', 'description': 'endpoint 42 perpignan', 'created_at': '2022-10-14T09:40:31.855Z', 'updated_at': '2025-02-07T10:49:58.966Z'}"
59,Luxembourg,Europe/Paris,"{'id': 2, 'name': 'English', 'identifier': 'en'}",803,58,Luxembourg,"14, porte de France",4360,Esch-sur-Alzette,https://42luxembourg.lu,,,True,True,42luxembourg.lu,True,"{'id': 55, 'url': 'https://endpoint.42luxembourg.lu:4000', 'description': 'Endpoint 42 luxembourg', 'created_at': '2023-07-10T14:48:01.891Z', 'updated_at': '2023-10-29T12:31:42.792Z'}"
58,Porto,Europe/Lisbon,"{'id': 9, 'name': 'Portuguese', 'identifier': 'pt'}",2093,50,Portugal,"Av. dos Aliados n⁰ 322/324, 3⁰ Piso",4000-407,Porto,https://42porto.com,https://www.facebook.com/42porto,,True,True,42porto.com,False,"{'id': 46, 'url': 'https://endpoint.42porto.com:4000', 'description': 'endpoint 42 Porto', 'created_at': '2022-07-07T15:32:41.592Z', 'updated_at': '2025-02-07T10:49:50.688Z'}"
57,London,Europe/London,"{'id': 2, 'name': 'English', 'identifier': 'en'}",807,51,United Kingdom,20-30 Whitechapel Rd,E1 1EW,London,https://42london.com,,,True,True,42london.com,True,"{'id': 47, 'url': 'https://endpoint.42london.com:4000', 'description': 'Endpoint 42 London', 'created_at': '2022-09-15T14:39:17.230Z', 'updated_at': '2025-02-07T10:50:05.776Z'}"
56,Prague,Europe/Prague,"{'id': 2, 'name': 'English', 'identifier': 'en'}",1553,52,Czech Republic,AFI CITY TOWER Kolbenova 1021/9 Praha 9 - Vysočany,19000,Prague,https://42prague.com,https://www.facebook.com/42Prague,,True,True,42prague.com,False,"{'id': 48, 'url': 'https://endpoint.42prague.com:4000/', 'description': 'endpoint 42 Prague', 'created_at': '2022-09-16T16:13:19.033Z', 'updated_at': '2024-06-05T06:56:46.269Z'}"
55,Tétouan,Africa/Casablanca,"{'id': 1, 'name': 'Français', 'identifier': 'fr'}",886,44,Morocco,"Parc Tétouan Shore, CP93150 , Martil, Tétouan",93000,Tétouan,https://1337.ma,,https://twitter.com/1337FIL,True,True,1337.ma,False,"{'id': 39, 'url': 'https://endpoint-med.1337.ma:4000', 'description': 'Endpoint 1337 Med Tetouan', 'created_at': '2021-12-16T11:03:33.785Z', 'updated_at': '2025-02-07T10:45:33.291Z'}"
53,Vienna,Europe/Vienna,"{'id': 2, 'name': 'English', 'identifier': 'en'}",1450,49,Austria,Muthgasse 26/1,1190,Vienna,https://www.42vienna.com,https://www.facebook.com/42vienna,,True,True,42vienna.com,False,"{'id': 45, 'url': 'https://endpoint.42vienna.com:4000', 'description': 'Endpoint 42 Vienna', 'created_at': '2022-06-07T09:34:59.196Z', 'updated_at': '2022-06-07T09:34:59.196Z'}"
52,Florence,Europe/Rome,"{'id': 16, 'name': 'Italian', 'identifier': 'it'}",1599,46,Italy,"Via del Tiratoio, 1",50124,Firenze,https://www.42firenze.it,,,True,True,42firenze.it,True,"{'id': 43, 'url': 'https://endpoint.42firenze.it:4000', 'description': 'endpoint ldap 42firenze', 'created_at': '2022-02-08T16:09:55.324Z', 'updated_at': '2025-02-07T10:49:44.221Z'}"
51,Berlin,Europe/Berlin,"{'id': 2, 'name': 'English', 'identifier': 'en'}",2540,48,Germany,Harzer Strasse 39,12059,Berlin,http://42berlin.de/,,,True,True,42berlin.de,False,"{'id': 44, 'url': 'https://endpoint.42berlin.de:4000', 'description': 'endpoint 42berlin', 'created_at': '2022-06-02T15:11:44.700Z', 'updated_at': '2025-02-07T10:46:05.177Z'}"
50,Kocaeli,Europe/Istanbul,"{'id': 18, 'name': 'Turkish', 'identifier': 'tr'}",2965,37,Turkey,"Muallimköy Mahallesi, Deniz Cd. No:143-5, 41400 Gebze/Kocaeli",41000,Kocaeli,http://42kocaeli.com.tr,,https://x.com/42inturkiye,True,True,42kocaeli.com.tr,False,"{'id': 35, 'url': 'https://endpoint.42kocaeli.com.tr:4000', 'description': 'endpoint 42 kocaeli', 'created_at': '2021-07-13T08:29:10.621Z', 'updated_at': '2025-02-07T10:49:24.088Z'}"
49,Istanbul,Europe/Istanbul,"{'id': 18, 'name': 'Turkish', 'identifier': 'tr'}",5002,36,Turkey,Ayazağa Mah. Azerbaycan Cad. Vadistanbul İş Blokları 2B Blok Kat 3 Sarıyer,34000,Istanbul,http://www.42istanbul.com.tr,,https://x.com/42inturkiye,True,True,42istanbul.com.tr,False,"{'id': 34, 'url': 'https://endpoint.42istanbul.com.tr:4000', 'description': 'endpoint 42 Istanbul', 'created_at': '2021-06-29T06:12:23.256Z', 'updated_at': '2025-02-07T10:49:05.780Z'}"
48,Mulhouse,Europe/Paris,"{'id': 1, 'name': 'Français', 'identifier': 'fr'}",917,39,France,30 Rue François Spoerry,68100,Mulhouse,https://42mulhouse.fr,https://www.facebook.com/42Mulhouse,https://twitter.com/42MulhouseGE,True,True,42mulhouse.fr,False,"{'id': 37, 'url': 'https://endpoint.42mulhouse.fr:4000', 'description': 'endpoint 42 Mulhouse', 'created_at': '2021-10-18T12:00:40.803Z', 'updated_at': '2025-02-07T10:49:12.857Z'}"
47,Lausanne,Europe/Zurich,"{'id': 1, 'name': 'Français', 'identifier': 'fr'}",1850,35,Switzerland,64 Rue de Lausanne,1020,Renens,https://42lausanne.ch/,https://www.facebook.com/42Lausanne,https://twitter.com/42lausanne,True,True,42lausanne.ch,True,"{'id': 32, 'url': 'https://endpoint.42lausanne.ch:4000', 'description': 'Endpoint for 42 Lausanne campus', 'created_at': '2021-06-10T23:35:21.597Z', 'updated_at': '2021-06-11T02:09:16.422Z'}"
46,Barcelona,Europe/Madrid,"{'id': 11, 'name': 'Spanish', 'identifier': 'es'}",4431,38,Spain,"Parc Tecnològic de Barcelona Activa, Carrer Albert Einstein,11",08042,Barcelona,https://www.42barcelona.com,,,True,True,42barcelona.com,True,"{'id': 36, 'url': 'https://endpoint.42barcelona.com:4000/', 'description': 'endpoint 42 barcelona', 'created_at': '2021-09-13T20:46:17.418Z', 'updated_at': '2024-06-03T17:55:49.441Z'}"
44,Wolfsburg,Europe/Berlin,"{'id': 2, 'name': 'English', 'identifier': 'en'}",3444,29,Germany,Porschestraße 2c,38440,Wolfsburg,http://42wolfsburg.de/,,,True,True,42wolfsburg.de,False,"{'id': 27, 'url': 'https://endpoint.42wolfsburg.de:4000', 'description': 'Endpoint 42 Wolfsburg', 'created_at': '2021-01-14T08:29:12.909Z', 'updated_at': '2025-02-07T10:46:18.334Z'}"
43,Abu Dhabi,Asia/Dubai,"{'id': 2, 'name': 'English', 'identifier': 'en'}",4249,30,United Arab Emirates,"Mina Zayed, Warehouse District ",00000,Abu Dhabi,https://42abudhabi.ae/,,,True,True,42abudhabi.ae,False,"{'id': 28, 'url': 'https://endpoint.42abudhabi.ae:4000', 'description': 'Endpoint 42 Abu Dhabi', 'created_at': '2021-02-02T10:35:48.428Z', 'updated_at': '2025-05-05T08:01:33.892Z'}"
41,Nice,Europe/Paris,"{'id': 1, 'name': 'Français', 'identifier': 'fr'}",1570,23,France,61 Avenue Simone Veil,06200,Nice,https://www.42nice.fr/,https://www.facebook.com/42nice,https://twitter.com/42nicesud,True,True,42nice.fr,True,"{'id': 21, 'url': 'https://endpoint.42nice.fr:4000', 'description': 'Endpoint 42 nice', 'created_at': '2020-09-18T00:02:27.612Z', 'updated_at': '2024-08-12T07:05:58.459Z'}"
40,Urduliz,Europe/Madrid,"{'id': 11, 'name': 'Spanish', 'identifier': 'es'}",2267,32,Spain,Aita Gotzon Kalea 37,48610,Urduliz,https://42urduliz.com/,,https://twitter.com/42UrdulizFTef,True,True,42urduliz.com,True,"{'id': 30, 'url': 'https://endpoint.42urduliz.com:4000', 'description': 'endpoint 42 urduliz', 'created_at': '2021-04-08T08:40:47.113Z', 'updated_at': '2024-07-24T08:26:22.301Z'}"
39,Heilbronn,Europe/Berlin,"{'id': 2, 'name': 'English', 'identifier': 'en'}",2891,28,Germany,Weipertstr 8 - 10,74076,Heilbronn,https://42heilbronn.de/,https://www.facebook.com/42heilbronn,https://twitter.com/42Heilbronn,True,True,42heilbronn.de,True,"{'id': 26, 'url': 'https://endpoint.42heilbronn.de:4000', 'description': 'endpoint 42 heilbronn', 'created_at': '2021-01-11T15:12:29.365Z', 'updated_at': '2021-01-11T15:12:29.365Z'}"
38,Lisboa,Europe/Lisbon,"{'id': 9, 'name': 'Portuguese', 'identifier': 'pt'}",3476,25,Portugal,"Rua Neves Ferreira, 13B",1170-273,Lisboa,http://www.42lisboa.com,https://www.facebook.com/42-Lisboa-100970235020298/,https://twitter.com/42lisboa,True,True,42lisboa.com,False,"{'id': 23, 'url': 'https://endpoint.42lisboa.com:4000', 'description': 'Enpoint LDAP lisboa', 'created_at': '2020-09-30T20:54:43.067Z', 'updated_at': '2025-02-07T10:44:26.418Z'}"
37,Malaga,Europe/Madrid,"{'id': 11, 'name': 'Spanish', 'identifier': 'es'}",5358,45,Spain,malaga street,29000,Malaga,http://www.42malaga.com,,,True,True,42malaga.com,True,"{'id': 41, 'url': 'https://endpoint.42malaga.com:4000', 'description': 'endpoint 42 Malaga', 'created_at': '2022-01-14T11:10:32.790Z', 'updated_at': '2025-02-07T10:45:47.205Z'}"
36,Adelaide,Australia/Adelaide,"{'id': 2, 'name': 'English', 'identifier': 'en'}",1870,33,Australia,Level 2 and 3 - 24 Pitt St,5000,Adelaide,http://www.42adel.org.au,,,True,True,42adel.org.au,False,"{'id': 31, 'url': 'https://endpoint.42adel.org.au:4000', 'description': 'endpoint 42 adelaide', 'created_at': '2021-06-04T07:55:56.262Z', 'updated_at': '2024-01-18T09:28:41.273Z'}"
35,Amman,Europe/Istanbul,"{'id': 2, 'name': 'English', 'identifier': 'en'}",789,65,Jordan,"Princess Basma street, Abdoun Al Shamali",11183,Amman,http://www.42amman.com,,,True,True,42amman.com,False,"{'id': 62, 'url': 'https://endpoint.42amman.com:4000', 'description': '', 'created_at': '2024-03-06T16:58:40.630Z', 'updated_at': '2024-03-25T10:35:24.854Z'}"
34,Kuala Lumpur,Asia/Kuala_Lumpur,"{'id': 2, 'name': 'English', 'identifier': 'en'}",1775,26,Malaysia,Sunway FutureX,47500,Kuala Lumpur,42kl.edu.my,https://www.facebook.com/42kualalumpur/,https://twitter.com/42kualalumpur,True,True,42kl.edu.my,False,"{'id': 24, 'url': 'https://endpoint.42kl.edu.my:4000/', 'description': 'endpoint Kuala Lumpur', 'created_at': '2020-12-07T08:26:21.129Z', 'updated_at': '2024-10-08T11:26:24.706Z'}"
33,Bangkok,Asia/Bangkok,"{'id': 2, 'name': 'English', 'identifier': 'en'}",8048,31,Thailand,"1 Thanon Chalong Krung, Lat Krabang",10520,Bangkok,https://www.42bangkok.com/,https://www.facebook.com/42Bangkok/,https://twitter.com/42bangkok,True,True,42bangkok.com,False,"{'id': 29, 'url': 'https://endpoint.42bangkok.com:4000', 'description': 'endpoint 42 Bangkok', 'created_at': '2021-03-01T12:28:53.489Z', 'updated_at': '2025-02-07T10:46:37.374Z'}"
32,Yerevan,Asia/Yerevan,"{'id': 2, 'name': 'English', 'identifier': 'en'}",2581,22,Armenia,16 Halabyan St,0038,Yerevan,https://42yerevan.am/,,,True,True,42yerevan.am,False,"{'id': 20, 'url': 'https://endpoint.42yerevan.am:4000', 'description': 'Endpoint for LDAP of 42 Yerevan', 'created_at': '2020-09-10T14:32:38.115Z', 'updated_at': '2020-09-10T14:32:38.115Z'}"
31,Angouleme,Europe/Paris,"{'id': 1, 'name': 'Français', 'identifier': 'fr'}",1172,41,France,49-51 Boulevard Besson-Ney,16000,Angoulême,https://www.42angouleme.fr/,https://facebook.com/ecole42angouleme/,,True,True,42angouleme.fr,False,"{'id': 40, 'url': 'https://ldap-endpoint.42angouleme.fr:4000', 'description': 'Endpoint 42 Angouleme', 'created_at': '2022-01-04T15:24:43.162Z', 'updated_at': '2025-02-07T10:49:18.721Z'}"
30,Rome,Europe/Rome,"{'id': 16, 'name': 'Italian', 'identifier': 'it'}",2703,24,Italy,Via Marsala 29H Termini train station,00185,Roma,https://www.42roma.it,,,True,True,42roma.it,True,"{'id': 22, 'url': 'https://endpoint.42roma.it:4000', 'description': '42 Roma endpoint', 'created_at': '2020-09-27T12:29:31.464Z', 'updated_at': '2025-02-07T10:49:37.850Z'}"
29,Seoul,Asia/Seoul,"{'id': 14, 'name': 'Korean', 'identifier': 'ko'}",6207,19,"Korea, Republic of","Gaepo Digital Innovation Park, 416, Gaepo-ro, Gangnam-gu",06324,Seoul,https://www.42seoul.kr,https://www.facebook.com/inno.aca/  ,,True,True,42seoul.kr,False,"{'id': 17, 'url': 'https://endpoint.42seoul.kr:4001', 'description': 'LDAP ENDPOINT 42 Seoul', 'created_at': '2020-01-10T07:45:58.065Z', 'updated_at': '2025-03-17T15:26:09.082Z'}"
28,Rio de Janeiro,America/Sao_Paulo,"{'id': 17, 'name': 'Brazilian Portuguese', 'identifier': 'pt_br'}",1202,40,Brazil," Rua Marquês de Sapucaí, 200 / 12th floor",20210-912,Rio de Janeiro,https://42.rio,,@Escola42Rio,True,True,42.rio,False,"{'id': 38, 'url': 'https://endpoint.42.rio:4000/', 'description': '42 Rio endpoint', 'created_at': '2021-10-26T19:23:55.571Z', 'updated_at': '2025-01-02T13:45:09.335Z'}"
26,Tokyo,Asia/Tokyo,"{'id': 13, 'name': 'Japanese', 'identifier': 'ja'}",6325,17,Japan,Sumitomo Fudosan Roppongi Grand Tower 3-2-1 Roppongi Minato-ku reception: 24F,106-6224,Tokyo,https://42tokyo.jp,https://www.facebook.com/42tokyo/,https://twitter.com/42_tokyo,True,True,42tokyo.jp,True,"{'id': 15, 'url': 'https://endpoint.42tokyo.jp:8000', 'description': 'Endpoint 42 Tokyo', 'created_at': '2019-11-06T05:15:24.270Z', 'updated_at': '2024-10-04T08:29:15.014Z'}"
25,Quebec,America/New_York,"{'id': 1, 'name': 'Français', 'identifier': 'fr'}",1019,27,Canada,"330, St-Vallier Est, bureau 300",G1K 9C5,Québec,42quebec.com,https://www.facebook.com/42quebec/,https://twitter.com/42_quebec,True,True,42quebec.com,True,"{'id': 25, 'url': 'https://endpoint.42quebec.com:4000', 'description': 'Endpoint for 42 Quebec', 'created_at': '2020-12-14T21:10:34.087Z', 'updated_at': '2025-01-30T14:59:16.954Z'}"
22,Madrid,Europe/Madrid,"{'id': 11, 'name': 'Spanish', 'identifier': 'es'}",10828,15,Spain,"Distrito Telefónica - Edificio Norte 3, Ronda de la Comunicación, s/n",28050,Madrid,http://www.42madrid.com/,https://facebook.com/fundaciontef,https://twitter.com/42MadridFTef,True,True,42madrid.com,True,"{'id': 14, 'url': 'https://endpoint.42madrid.com:4000', 'description': '42 Madrid endpoint', 'created_at': '2019-08-07T10:24:45.253Z', 'updated_at': '2024-04-30T00:00:32.551Z'}"
21,Benguerir,Africa/Casablanca,"{'id': 1, 'name': 'Français', 'identifier': 'fr'}",3651,11,Morocco,"Lot 660, Hay Moulay Rachid, Ben Guerir 43150",43150,Benguerir,https://1337.ma,https://www.facebook.com/1337FutureIsLoading,https://twitter.com/1337FIL,True,True,1337.ma,False,"{'id': 11, 'url': 'https://endpoint-bg.1337.ma', 'description': 'Endpoint Benguerir', 'created_at': '2019-02-28T10:48:44.502Z', 'updated_at': '2023-05-26T17:46:34.589Z'}"
20,São-Paulo,America/Sao_Paulo,"{'id': 17, 'name': 'Brazilian Portuguese', 'identifier': 'pt_br'}",5390,14,Brazil,"Rua Aspicuelta, 422, cj. 71A",05433-010,São Paulo,https://42sp.org.br,,,True,True,42sp.org.br,False,"{'id': 13, 'url': 'https://endpoint.42sp.org.br', 'description': 'Endpoint São Paulo', 'created_at': '2019-07-08T19:37:49.661Z', 'updated_at': '2024-05-04T14:25:38.004Z'}"
16,Khouribga,Africa/Casablanca,"{'id': 1, 'name': 'Français', 'identifier': 'fr'}",4690,6,Morocco,Mail Central,25000,Khouribga,https://1337.ma,,https://twitter.com/1337FIL,True,True,1337.ma,False,"{'id': 8, 'url': 'https://endpoint-kh.1337.ma', 'description': 'Endpoint Khouribga - 1337 MA', 'created_at': '2018-07-12T11:41:20.546Z', 'updated_at': '2021-12-15T16:08:40.604Z'}"
14,Amsterdam,Europe/Amsterdam,"{'id': 2, 'name': 'English', 'identifier': 'en'}",2868,8,Netherlands,Kattenburgerstraat 7,1018 JA,Amsterdam,http://www.codam.nl,https://www.facebook.com/codamcodingcollege/,https://twitter.com/CodamCollege,True,True,codam.nl,False,"{'id': 10, 'url': 'https://endpoint.codam.nl:4000', 'description': 'endpoint Codam', 'created_at': '2018-09-10T19:37:18.402Z', 'updated_at': '2024-10-31T21:11:22.965Z'}"
13,Helsinki,Europe/Helsinki,"{'id': 2, 'name': 'English', 'identifier': 'en'}",2400,13,Finland,Haapaniemenkatu 5,00530,Helsinki,https://www.hive.fi/,https://www.facebook.com/HiveHelsinki,https://twitter.com/hivehelsinki,True,True,hive.fi,False,"{'id': 12, 'url': 'https://endpoint.hive.fi', 'description': 'endpoint Hive Helsinki', 'created_at': '2019-06-08T04:42:31.278Z', 'updated_at': '2019-06-10T00:35:26.210Z'}"
12,19,Europe/Brussels,"{'id': 2, 'name': 'English', 'identifier': 'en'}",3402,5,Belgium,Cantersteen 10/12,1000,Brussels,https://www.campus19.be,https://www.facebook.com/19network42/,https://twitter.com/19network42/,True,True,s19.be,False,"{'id': 49, 'url': 'https://endprox.s19.be', 'description': ""Endpoint proxy for 19's twin-campus infrastructure"", 'created_at': '2022-09-28T09:05:12.367Z', 'updated_at': '2022-09-28T09:05:12.367Z'}"
9,Lyon,Europe/Paris,"{'id': 1, 'name': 'Français', 'identifier': 'fr'}",3838,4,France,Campus Région du Numérique – 78 route de Paris,69260,Charbonnières-les-Bains,https://www.42lyon.fr/,,,True,True,42lyon.fr,True,"{'id': 19, 'url': 'https://endpoint.42lyon.fr:4000', 'description': '42 Lyon endpoint', 'created_at': '2020-07-28T15:21:29.199Z', 'updated_at': '2024-08-02T15:01:07.461Z'}"
1,Paris,Europe/Paris,"{'id': 1, 'name': 'Français', 'identifier': 'fr'}",34548,1,France,"96, boulevard Bessières",75017,Paris,http://www.42.fr/,https://facebook.com/42born2code,https://twitter.com/42born2code,True,True,42.fr,False,"{'id': 33, 'url': 'https://endpoint.42paris.fr', 'description': ""42paris's new ldapkdc endpoint"", 'created_at': '2021-06-14T07:49:14.872Z', 'updated_at': '2023-06-15T19:19:46.440Z'}"
